session_swing,session,exit_velo_mph_x,blast_bat_speed_mph_x,bat_speed_mph_contact_x,sweet_spot_velo_mph_contact_x,sweet_spot_velo_mph_contact_y,sweet_spot_velo_mph_contact_z,bat_torso_angle_connection_x,attack_angle_contact_x,bat_speed_mph_max_x,bat_speed_xy_max_x,bat_torso_angle_ds_x,bat_torso_angle_ds_y,bat_torso_angle_ds_z,hand_speed_blast_bat_mph_max_x,hand_speed_mag_max_x,pelvis_angle_fm_x,pelvis_angle_fm_y,pelvis_angle_fm_z,pelvis_angle_fp_x,pelvis_angle_fp_y,pelvis_angle_fp_z,pelvis_angle_hs_x,pelvis_angle_hs_y,pelvis_angle_hs_z,torso_angle_fm_x,torso_angle_fm_y,torso_angle_fm_z,torso_angle_fp_x,torso_angle_fp_y,torso_angle_fp_z,torso_angle_hs_x,torso_angle_hs_y,torso_angle_hs_z,upper_arm_speed_mag_max_x,x_factor_fm_x,x_factor_fm_y,x_factor_fm_z,x_factor_fp_x,x_factor_fp_y,x_factor_fp_z,bat_max_x,bat_min_x,hand_speed_mag_fm_x,hand_speed_mag_fp_x,hand_speed_mag_maxhss_x,hand_speed_mag_seq_max_x,hand_speed_mag_stride_max_velo_x,hand_speed_mag_swing_max_velo_x,lead_knee_launchpos_x,lead_knee_stride_max_x,lead_wrist_fm_x,lead_wrist_swing_max_x,pelvis_angular_velocity_fm_x,pelvis_angular_velocity_fp_x,pelvis_angular_velocity_maxhss_x,pelvis_angular_velocity_seq_max_x,pelvis_angular_velocity_stride_max_x,pelvis_angular_velocity_swing_max_x,pelvis_fm_x,pelvis_fm_y,pelvis_fm_z,pelvis_launchpos_x,pelvis_launchpos_y,pelvis_launchpos_z,pelvis_loadedpos_x,pelvis_load_max_x,pelvis_stride_max_x,pelvis_stride_max_y,pelvis_stride_max_z,pelvis_swing_max_x,pelvis_swing_max_y,pelvis_swing_max_z,rear_elbow_fm_x,rear_elbow_fm_z,rear_elbow_launchpos_x,rear_elbow_stride_max_x,rear_elbow_stride_max_z,rear_elbow_swing_max_x,rear_elbow_swing_max_z,rear_hip_launchpos_x,rear_hip_stride_max_x,rear_hip_stride_max_y,rear_hip_stride_max_z,rear_shoulder_launchpos_x,rear_shoulder_stride_max_x,rear_shoulder_stride_max_y,rear_shoulder_stride_max_z,torso_angular_velocity_fm_x,torso_angular_velocity_fp_x,torso_angular_velocity_maxhss_x,torso_angular_velocity_stride_max_x,torso_angular_velocity_seq_max_x,torso_angular_velocity_swing_max_x,torso_fm_x,torso_fm_y,torso_fm_z,torso_launchpos_x,torso_launchpos_y,torso_launchpos_z,torso_loadedpos_x,torso_load_max_x,torso_pelvis_fm_x,torso_pelvis_launchpos_x,torso_pelvis_loadedpos_x,torso_pelvis_load_max_x,torso_pelvis_stride_max_x,torso_pelvis_stride_max_y,torso_pelvis_stride_max_z,torso_pelvis_swing_max_x,torso_stride_max_x,torso_stride_max_y,torso_stride_max_z,torso_swing_max_x,torso_swing_max_y,torso_swing_max_z,upper_arm_speed_mag_fm_x,upper_arm_speed_mag_fp_x,upper_arm_speed_mag_maxhss_x,upper_arm_speed_mag_seq_max_x,upper_arm_speed_mag_stride_max_velo_x,upper_arm_speed_mag_swing_max_velo_x,x_factor_hs_x,x_factor_hs_y,x_factor_hs_z,max_cog_velo_x
203_1,203,78.4,54.9,60.3927,59.0884,-10.6869,-5.0003,98.5422,-4.704,60.7909,2426.5791,64.0822,98.5422,-63.8334,21.2678,1662.7665,10.4176,13.2039,-19.358,12.403,9.7127,53.2161,12.2088,11.7945,-20.9124,31.3367,-15.3209,-15.7427,20.8684,9.7568,23.0013,32.1465,-14.7514,-16.3365,1073.0686,-20.4092,-28.7049,-1.7238,-5.1494,7.4221,-28.9194,569.9114,28.0633,103.9808,756.7466,660.6507,1662.7665,756.7466,1662.7665,36.0028,105.1618,58.9413,5.8413,-48.0673,731.5253,742.2161,775.7303,764.1984,775.7303,-10.4176,13.2039,-109.358,-12.403,9.7127,-36.7839,-96.8706,-85.268,-17.3738,14.0094,-110.9721,11.8524,14.0094,34.4687,135.6583,64.4301,136.1021,139.6467,72.9254,139.6467,82.0062,20.8747,51.221,9.7308,15.486,33.2816,-2.5735,53.9742,25.7328,1.6334,812.4192,745.5352,812.4192,1018.8356,1018.8356,-31.3367,-15.3209,-105.7427,-20.8684,9.7568,-66.9987,-97.5342,-92.6134,-1.7238,-28.9194,-1.2169,-9.2374,-27.3155,-28.9041,-29.1663,-29.1663,-32.3638,-15.3683,-106.3365,15.396,20.5704,30.0218,27.869,721.0554,638.9415,1073.0686,721.0554,1073.0686,-19.5138,-26.9077,-1.2299,1.099
203_2,203,82.7,55.0,57.9325,56.4814,-11.4575,-4.5749,96.7484,-4.5596,59.3141,2373.4097,64.7621,96.7484,-69.2505,21.6519,1688.7562,8.3998,16.0631,-19.966,11.1565,9.8004,55.4509,12.0237,12.9058,-21.836,29.3103,-14.9557,-18.0821,18.2079,10.7036,23.7893,30.8564,-14.2417,-18.8809,1307.7996,-20.1205,-30.952,-2.9337,-3.445,8.0206,-30.2143,602.3586,24.3884,100.1236,927.0265,764.7843,1688.7562,927.0265,1688.7562,33.9596,103.6084,57.5898,1.548,-72.1179,675.7531,712.7001,777.2816,777.2816,777.2816,-8.3998,16.0631,-109.966,-11.1565,9.8004,-34.5491,-94.5187,-87.8084,-17.8772,16.6461,-112.1023,8.761,16.6461,32.6858,135.4211,65.7294,138.0142,140.3171,74.3443,140.3171,86.8323,19.9242,51.7444,13.6509,19.8163,30.7569,-1.1728,55.1868,22.7475,-23.8394,822.244,729.1776,822.244,1083.4275,1083.4275,-29.3103,-14.9557,-108.0821,-18.2079,10.7036,-66.2107,-99.6952,-95.5819,-2.9337,-30.2143,-5.9575,-9.6144,-24.8231,-31.6806,-30.9725,-30.9725,-32.0593,-15.0101,-108.9342,18.2502,18.448,28.109,39.017,874.5825,719.6512,1307.7996,874.5825,1307.7996,-18.0654,-27.1636,-2.977,1.0992
203_3,203,76.0,60.1,62.9701,62.3424,5.6716,-0.3184,98.3553,-0.348,63.4148,2589.0488,60.7807,98.3553,-58.9688,23.4969,2007.3146,8.9665,14.8103,-20.5547,12.3518,9.8016,49.8444,0.2368,14.0161,-29.2505,30.4756,-15.2932,-18.8193,23.3396,8.7476,17.4899,27.6949,-11.2597,-24.0001,1380.903,-20.624,-29.9924,-3.2647,-7.5623,6.9022,-31.2476,636.566,21.9759,103.1393,641.3677,617.0162,2007.3146,698.5821,2007.3146,38.7388,111.179,61.709,5.0638,-67.3995,716.6404,724.173,769.8727,769.8727,769.8727,-8.9665,14.8103,-110.5547,-12.3518,9.8016,-40.1556,-107.9421,-89.2457,-16.8374,15.5216,-119.2508,11.0099,15.5216,33.6078,137.4033,60.2483,140.6653,141.5649,76.1014,141.8064,88.2968,26.0289,55.6115,5.8588,21.8113,26.6944,7.7679,57.2238,26.829,18.2896,753.2618,729.0792,753.2618,1084.3707,1084.3707,-30.4756,-15.2932,-108.8193,-23.3396,8.7476,-72.5101,-106.4786,-96.6905,-3.2647,-31.2476,1.7717,-9.3451,-29.59,-30.5293,-31.2797,-31.2797,-31.9397,-15.3944,-114.0753,16.4685,22.2059,31.7053,30.7879,813.2312,768.277,1380.903,813.2312,1380.903,-28.839,-25.2369,5.5829,1.2613
203_4,203,74.0,56.9,63.1642,62.0796,-10.638,-2.7852,98.5634,-2.4231,64.9769,2439.6187,60.0676,98.5634,-65.4161,21.4558,1612.6973,14.6434,10.164,-28.6931,12.1881,9.8486,59.1777,14.8496,7.8927,-30.2603,32.2014,-14.394,-21.4203,18.1605,12.2766,24.7119,32.3062,-14.4692,-22.6479,1095.446,-17.4807,-25.5797,0.8828,-2.2823,10.7601,-32.3296,515.7885,20.3201,102.6102,983.0311,690.6046,1612.6973,983.0311,1612.6973,19.8788,112.1691,59.8641,17.711,-100.3649,587.5339,662.2032,797.4828,746.8355,797.4828,-14.6434,10.164,-118.6931,-12.1881,9.8486,-30.8223,-99.4838,-90.5092,-20.6546,19.693,-120.356,7.6888,19.693,34.4523,138.7062,66.8551,136.5139,141.4556,72.668,141.4556,80.19,18.2934,55.7782,12.8143,19.2686,33.7645,4.6008,56.0048,23.3362,-26.5236,790.7458,664.8424,790.7458,1058.8584,1058.8584,-32.2014,-14.394,-111.4203,-18.1605,12.2766,-65.2881,-101.539,-96.9598,0.8828,-32.3296,-2.3819,-8.9005,-26.3769,-26.3132,-33.7832,-33.7832,-33.4068,-14.4746,-112.8042,12.9177,18.8317,26.8691,33.3896,832.8886,691.9356,1095.446,832.8886,1095.446,-17.3665,-23.5498,1.6753,1.2252
23_1,23,82.1,59.7,58.7368,57.7128,-10.0141,2.963,109.0225,2.7773,58.7368,2322.0337,77.6459,109.0225,42.1059,19.483,1767.9446,29.0898,9.9779,-22.6446,33.0906,4.3916,9.1756,29.9344,9.4024,-22.5661,25.8005,-6.4438,-16.8213,27.356,2.346,-0.6745,26.3518,-6.7438,-17.343,1140.7134,3.5514,-17.1752,-2.9347,6.0209,3.6863,-9.345,599.5323,29.458,103.5696,525.8208,372.3391,1767.9446,525.8208,1767.9446,46.6169,98.938,29.9284,-3.5309,-12.1494,457.5981,309.5126,720.27,457.5981,720.27,-29.0898,9.9779,-112.6446,-33.0906,4.3916,-80.8244,-108.097,-104.1777,-34.3324,10.8267,-112.6758,-4.1206,10.8267,7.7459,132.4009,59.2757,137.216,137.5226,74.2361,138.3379,86.4925,62.6101,70.6261,10.1168,12.0062,35.1795,-4.3632,69.5146,30.8972,-12.7764,511.3043,313.1631,511.3043,931.03,931.03,-25.8005,-6.4438,-106.8213,-27.356,2.346,-90.6745,-99.2623,-97.1239,-2.9347,-9.345,3.9497,3.3704,3.0813,-17.4801,-9.9832,-9.9832,-28.8819,-6.9404,-107.6973,13.6797,24.1592,16.3716,104.4845,487.3793,262.3649,1140.7134,487.3793,1140.7134,3.984,-16.5895,-3.5948,1.0811
23_2,23,82.5,60.7,60.8459,60.723,0.1936,1.7292,102.5998,1.4877,60.8459,2388.0547,78.1393,102.5998,52.4461,21.1401,1815.6288,27.1284,10.2883,-24.1083,33.9658,4.3225,-14.3607,28.1613,9.0704,-24.2036,23.4012,-6.1619,-20.3878,27.7908,-5.931,-19.0652,24.3259,-5.9399,-21.2155,1129.08,4.2056,-16.3267,-4.2751,6.6002,-5.8439,-9.6583,610.1595,37.2802,102.1076,172.5267,408.5556,1815.6288,181.8381,1815.6288,46.5087,100.8485,32.6896,-1.6426,-21.2599,101.7614,349.757,709.2594,101.7614,709.2594,-27.1284,10.2883,-114.1083,-33.9658,4.3225,-104.3607,-106.4685,-101.699,-33.9658,12.4142,-114.3631,-7.9297,13.9934,3.492,129.8927,57.1693,136.677,136.8749,64.8025,138.741,83.964,71.3763,71.3763,7.9936,24.7298,46.4255,-5.2573,80.1266,22.1879,-19.9107,46.6977,355.292,46.6977,917.9833,917.9833,-23.4012,-6.1619,-110.3878,-27.7908,-5.931,-109.0652,-99.3117,-96.7608,-4.2751,-9.6583,1.9969,0.6183,3.3997,-17.0297,-9.6583,-12.1662,-27.7908,-6.2667,-111.2202,9.7903,41.7751,10.5779,94.2725,57.1849,258.8765,1129.08,134.0481,1129.08,4.3353,-14.6327,-4.53,1.027
23_3,23,80.2,59.8,59.8086,58.9617,-9.1529,1.6131,103.2311,1.562,59.8086,2357.9395,78.6805,103.2311,48.0678,20.9621,1656.4316,29.6325,10.8038,-23.2526,37.0373,6.5481,16.0107,30.4023,10.3414,-23.2087,26.8147,-7.3059,-18.5693,30.9306,5.813,0.6959,27.4909,-7.4927,-18.9963,1104.1407,3.4683,-18.0405,-5.007,6.8166,8.6965,-12.5605,615.3706,35.4529,103.5105,541.7128,389.546,1656.4316,541.7128,1656.4316,48.7933,96.904,31.5764,-1.9485,-11.5315,512.5956,369.635,686.2045,512.5956,686.2045,-29.6325,10.8038,-113.2526,-37.0373,6.5481,-73.9893,-108.8792,-104.5598,-37.5932,11.6787,-113.291,-9.952,16.1958,8.3448,128.4728,62.0261,132.642,135.3444,75.5861,135.3444,85.047,64.9641,73.528,8.0198,21.6497,38.0242,-13.6796,71.2422,29.5556,-12.7383,535.6108,370.2762,535.6108,862.9818,862.9818,-26.8147,-7.3059,-108.5693,-30.9306,5.813,-89.3041,-100.8714,-98.2546,-5.007,-12.5605,1.7929,1.7929,3.2564,-18.496,-12.796,-12.796,-31.9577,-7.7209,-109.3571,13.332,34.3057,11.5403,84.0473,434.4052,251.4,1104.1407,434.4052,1104.1407,3.6571,-17.4929,-5.5315,1.099
23_4,23,79.4,61.0,59.9237,59.6028,0.2244,4.4472,101.1239,4.1101,60.2192,2386.0776,77.5116,101.1239,54.5446,21.0687,1732.7142,27.2256,10.8204,-19.9409,33.1336,6.4421,22.1881,28.7664,10.0697,-20.1288,25.3675,-6.6769,-15.2421,29.6007,10.786,8.1918,26.6341,-6.8116,-16.2614,1088.8146,2.2949,-17.6993,-3.9074,4.7484,11.2942,-9.1311,640.8331,45.695,103.1615,694.5733,326.1937,1732.7142,694.5733,1732.7142,45.8896,97.9098,31.067,-0.8496,-6.7054,547.9937,262.8018,721.0868,547.9937,721.0868,-27.2256,10.8204,-109.9409,-33.1336,6.4421,-67.8119,-105.7017,-101.1729,-35.165,11.6412,-110.1904,-6.4948,12.7862,11.3638,124.0848,77.5459,145.338,148.7698,96.8746,148.7698,112.1144,60.9189,73.3723,5.4628,18.0358,32.83,-25.0166,68.017,10.6539,-7.9162,626.1747,263.6878,626.1747,896.8751,896.8751,-25.3675,-6.6769,-105.2421,-29.6007,10.786,-81.8082,-98.2822,-96.3156,-3.9074,-9.1311,1.3788,0.2615,1.924,-18.3406,-12.1434,-12.1434,-32.2535,-6.9371,-107.0236,13.4454,36.3415,16.67,101.2893,630.7104,143.8824,1088.8146,630.7104,1088.8146,2.7299,-16.6443,-4.8409,1.0432
23_5,23,84.5,60.9,59.554,57.6848,-14.3236,-2.182,100.2868,-2.1309,59.554,2246.8235,76.569,100.2868,51.3104,20.5472,1537.5868,27.7472,10.6462,-21.3957,37.2896,4.4392,-3.954,24.4171,11.2592,-21.3735,25.0181,-6.7006,-16.8886,31.1404,-2.285,-13.9895,21.8751,-4.1547,-13.8196,995.0247,3.213,-17.4399,-4.1763,6.2579,0.7614,-12.05,586.8345,39.395,100.4814,351.2638,437.7271,1537.5868,351.2638,1537.5868,46.8405,102.5452,28.6963,-0.016,-5.2624,276.0657,368.6506,615.3709,276.0657,615.3709,-27.7472,10.6462,-111.3957,-37.2896,4.4392,-93.954,-107.2539,-101.757,-37.2896,11.2704,-111.5411,-12.4002,19.9658,-6.2662,127.9544,60.8685,130.764,135.5115,71.7025,135.5115,83.1999,72.5101,73.574,10.5786,20.3512,44.9177,-11.0036,76.8172,27.1616,-14.8624,255.0831,371.6066,255.0831,756.342,756.342,-25.0181,-6.7006,-106.8886,-31.1404,-2.285,-103.9895,-100.036,-97.0793,-4.1763,-12.05,1.7583,0.8708,1.9132,-17.4518,-12.05,-12.2435,-31.1404,-7.2092,-108.5815,7.5079,34.5085,-5.4261,101.6121,97.8141,210.7811,995.0247,137.6419,995.0247,1.9768,-17.1378,0.6124,1.1351
334_1,334,86.8,69.9,65.6161,64.6561,4.5938,9.0402,106.5488,7.7197,66.4453,2477.9248,-105.9584,106.5488,149.7091,21.7631,2252.8274,35.6688,2.8162,-14.9511,28.9108,0.5603,24.4027,34.1171,3.4275,-18.1335,32.7664,-12.9258,-29.6963,26.5888,4.582,-2.0181,33.8226,-13.6679,-27.6438,1265.9899,2.3765,-4.2709,-21.0843,0.4632,16.0451,-21.6016,628.8966,9.0334,106.5603,888.137,631.6573,2252.8274,888.137,2252.8274,48.6412,89.3874,17.8608,-25.1465,61.4601,604.5596,472.5842,715.4197,604.5596,715.4197,-35.6688,2.8162,-104.9511,-28.9108,0.5603,-65.5973,-103.6733,-82.5072,-36.1007,4.1866,-108.1357,-3.1467,4.1866,5.3354,137.8658,70.9465,128.7156,139.2699,82.0387,139.2699,86.9466,56.1544,76.2542,-2.8182,29.6377,44.7966,1.1914,66.5614,43.9933,27.9193,765.1493,503.6472,765.1493,969.2312,969.2312,-32.7664,-12.9258,-119.6963,-26.5888,4.582,-92.0181,-107.6866,-89.4455,-21.0843,-21.6016,-11.0779,-12.0509,-1.6742,-10.6044,-22.8541,-22.8541,-35.1327,-13.682,-119.7187,6.5274,20.1312,-0.8722,28.757,870.0847,598.0528,1265.9899,870.0847,1265.9899,0.7889,-8.7807,-17.5097,1.277
334_2,334,88.6,76.6,66.926,64.9288,11.2211,10.8364,109.2269,9.2261,68.0358,2517.2097,-99.5162,109.2269,154.8225,22.2411,2189.5486,37.1376,2.2446,-16.9453,29.0083,2.1756,27.6007,36.2388,2.2234,-22.565,35.7134,-13.9166,-28.9408,29.8952,5.3711,0.9106,36.046,-14.959,-28.4112,1249.4509,1.1548,-5.7057,-19.265,-2.1414,15.5935,-22.0814,649.3173,12.015,107.4331,1061.2615,722.9009,2189.5486,1061.2615,2189.5486,49.078,82.8623,13.3421,-24.2874,101.6396,621.3738,521.5976,720.5314,621.3738,720.5314,-37.1376,2.2446,-106.9453,-29.0083,2.1756,-62.3993,-106.7191,-85.5805,-37.5076,3.6497,-112.5752,-0.5618,5.8465,8.8544,136.811,69.4898,127.045,137.8821,83.5504,137.8821,90.8243,59.8507,76.4752,-3.9068,28.7767,40.7025,-6.8235,56.459,43.7296,45.2046,782.452,549.2087,782.452,969.0777,969.0777,-35.7134,-13.9166,-118.9408,-29.8952,5.3711,-89.0894,-111.154,-91.0311,-19.265,-22.0814,-12.5406,-13.4286,-3.6874,-11.1776,-23.1171,-23.1171,-36.1771,-15.1257,-119.2683,7.1591,22.8164,1.0099,38.0521,925.4849,863.9567,1249.4509,925.4849,1249.4509,0.9011,-10.3662,-14.9577,1.0811
334_3,334,87.6,74.8,68.7519,66.4714,10.4596,13.2914,106.7715,11.034,68.7519,2486.207,-103.0335,106.7715,149.5404,22.6813,2147.3438,34.4921,3.3734,-22.6172,29.973,2.4514,24.0948,33.1233,2.6767,-25.0369,33.9481,-13.8199,-32.4592,31.0349,5.0642,-4.2956,33.8488,-13.8795,-31.0762,1072.5631,0.9807,-8.5642,-17.8879,-2.5623,16.2737,-23.6347,597.2674,7.5518,133.6185,788.1964,662.9988,2147.3438,906.5439,2147.3438,49.0641,82.7598,11.2329,-19.5963,71.3481,616.4083,502.6323,698.8271,616.4083,698.8271,-34.4921,3.3734,-112.6172,-29.973,2.4514,-65.9052,-108.5639,-86.1923,-36.288,3.3923,-115.0538,-1.7946,6.2306,3.7298,139.4287,70.8792,123.6658,139.8508,86.3281,139.8508,88.8638,58.85,72.5547,-7.1373,33.0101,45.4777,1.0926,67.1347,42.4005,-2.7677,746.6031,526.2153,746.6031,932.9615,932.9615,-33.9481,-13.8199,-122.4592,-31.0349,5.0642,-94.2956,-112.755,-93.5436,-17.8879,-23.6347,-10.2236,-11.7042,-4.1606,-10.6332,-24.4378,-24.4378,-35.6292,-14.0777,-122.4661,1.8591,26.4381,-9.4493,52.3416,804.4871,568.2622,1072.5631,804.4871,1072.5631,-0.0079,-10.5228,-14.196,1.1532
334_4,334,86.4,73.3,68.1859,67.8727,-1.6666,3.4413,110.8496,2.6665,68.1859,2482.2646,-106.8568,110.8496,148.6953,22.9528,2422.1716,32.0002,4.4641,-16.8661,29.5643,0.9333,26.592,31.2702,3.2657,-20.6016,32.865,-13.3164,-28.242,30.1951,4.0384,-2.8514,33.2932,-13.5556,-27.3699,1085.2373,-0.2398,-8.9749,-19.1374,-3.0123,16.8874,-24.6169,648.8177,-4.6448,105.5187,979.7596,708.276,2422.1716,979.7596,2422.1716,46.4829,85.6786,14.3719,-19.6122,57.2075,596.2518,506.2715,675.1681,596.2518,675.1681,-32.0002,4.4641,-106.8661,-29.5643,0.9333,-63.408,-102.8867,-86.1052,-34.0436,5.0086,-110.6071,-5.7625,5.0086,2.9634,137.2697,62.9147,123.18,137.2755,78.2865,137.2755,80.109,55.4776,71.6192,-2.729,29.4853,45.835,-2.7432,63.8646,41.5942,12.0215,711.2782,535.279,711.2782,940.1538,940.1538,-32.865,-13.3164,-118.242,-30.1951,4.0384,-92.8514,-107.2107,-91.5903,-19.1374,-24.6169,-11.1917,-12.7239,-4.8975,-11.4328,-25.2137,-25.2137,-34.3412,-13.8647,-118.4523,-2.923,26.1648,-12.3428,35.4622,708.5299,586.059,1085.2373,708.5299,1085.2373,-1.2466,-10.8096,-14.6207,1.2792
334_5,334,91.9,73.3,66.2717,65.505,-0.0364,8.6456,108.8895,7.3537,66.5099,2490.3459,-103.993,108.8895,145.3401,21.8808,2062.3262,34.0932,1.6141,-15.3055,31.1302,0.7824,21.9222,32.1699,2.0263,-18.7698,33.3856,-12.3535,-29.4692,30.5984,3.8853,-4.7587,32.8429,-13.7328,-28.0138,1120.3445,0.0086,-3.7392,-19.4792,-1.4511,16.1826,-21.6704,658.6995,7.0898,107.9931,818.64,537.8304,2062.3262,818.64,2062.3262,48.0964,89.4446,6.625,-22.9261,54.9049,591.6695,472.9485,715.1987,591.6695,715.1987,-34.0932,1.6141,-105.3055,-31.1302,0.7824,-68.0778,-104.3311,-82.5903,-34.9027,2.8841,-108.7698,-2.4208,5.6588,5.7472,136.9065,66.0963,126.1465,138.536,78.3554,138.536,82.2115,61.1476,73.1542,-3.7005,31.932,46.9086,-2.0449,60.1473,43.2801,47.1631,723.7219,492.8042,723.7219,972.1211,972.1211,-33.3856,-12.3535,-119.4692,-30.5984,3.8853,-94.7587,-108.7028,-89.713,-19.4792,-21.6704,-10.5482,-10.5574,-3.14,-9.5338,-22.544,-22.544,-34.4327,-13.7514,-119.7091,5.7483,22.7966,-4.061,24.5395,826.3979,604.4783,1120.3445,826.3979,1120.3445,-0.4241,-8.4204,-16.2285,1.2252
334_6,334,89.1,66.0,64.5478,63.9635,-5.5978,4.6143,104.4225,3.9894,65.2475,2431.8389,-103.601,104.4225,150.8757,21.9437,1971.9005,34.4097,3.6559,-16.0275,31.8438,1.1078,24.4996,30.8672,3.7596,-22.0204,34.362,-14.3877,-28.8883,29.5947,1.9585,-3.2671,34.786,-15.2883,-26.5333,1163.6393,0.2238,-7.6094,-20.8035,-0.1309,15.0577,-23.5885,622.5514,9.8344,101.1528,838.1328,638.7482,1971.9005,838.1328,1971.9005,47.9403,83.7092,26.1512,-19.7572,86.3215,578.1366,460.123,722.6396,578.1366,722.6396,-34.4097,3.6559,-106.0275,-31.8438,1.1078,-65.5004,-104.9064,-88.6449,-35.714,6.1654,-112.3407,-4.2354,6.1654,8.1996,138.1434,67.4738,125.6862,138.4347,78.6013,138.4347,83.5908,60.5674,73.3994,-4.9368,30.683,46.0611,-4.0847,66.1586,39.7021,31.2621,724.3605,480.6978,724.3605,969.8986,969.8986,-34.362,-14.3877,-118.8883,-29.5947,1.9585,-93.2671,-109.8374,-93.5205,-20.8035,-23.5885,-13.6023,-14.3657,-3.1073,-13.9686,-24.5424,-24.5424,-34.7949,-15.9826,-119.4364,3.9011,21.66,-2.8368,35.5534,755.8409,510.8552,1163.6393,755.8409,1163.6393,-2.6751,-13.9471,-13.8599,1.223
334_7,334,90.0,66.3,67.762,66.7778,4.5455,9.4204,110.9774,7.8625,67.762,2481.6362,-104.6287,110.9774,149.6621,22.6936,2278.7629,34.282,2.1846,-16.6492,28.073,0.3944,27.5094,33.7557,2.5461,-18.3091,35.1319,-14.483,-29.202,28.5098,5.5031,0.6948,35.4929,-14.6785,-27.7618,1251.5691,-1.0379,-6.7611,-19.7109,-2.2734,16.8755,-21.7098,657.5356,2.9216,101.6399,900.4341,567.9797,2278.7629,906.3326,2278.7629,49.557,91.6229,16.21,-23.4312,39.417,621.9452,488.4263,748.9988,621.9452,748.9988,-34.282,2.1846,-106.6492,-28.073,0.3944,-62.4906,-103.7027,-87.5745,-34.8527,4.3546,-108.3127,-3.9257,4.3546,9.5886,138.3361,66.7504,127.8843,138.8333,83.3762,138.8333,88.4599,54.7628,71.8365,-5.8192,32.1386,43.7949,1.8399,62.5823,39.2939,0.1781,809.9209,525.0727,809.9209,984.5293,984.5293,-35.1319,-14.483,-119.202,-28.5098,5.5031,-89.3052,-109.4634,-93.3661,-19.7109,-21.7098,-12.7968,-12.8954,-4.8528,-11.0051,-23.6956,-23.6956,-35.6963,-14.7178,-119.3392,5.3504,20.7814,2.0433,18.9859,912.2603,610.9297,1251.5691,912.2603,1251.5691,-1.3557,-9.0579,-17.4603,1.1691
334_8,334,91.2,68.2,64.4644,63.707,-4.3057,7.5926,106.9652,6.6862,65.6055,2353.2061,-99.108,106.9652,148.6205,20.8105,1786.1721,34.7132,2.4201,-13.5235,31.0868,2.5989,19.0651,34.7132,2.4201,-13.5235,38.355,-15.0993,-25.1572,33.4537,3.4101,-9.8756,38.355,-15.0993,-25.1572,1021.1892,-3.6006,-7.8098,-19.5168,-4.1866,15.4326,-24.7359,614.8705,26.4748,106.0083,826.0057,693.5878,1786.1721,826.0057,1786.1721,39.1526,81.198,20.8398,-20.6711,0.0194,583.5562,487.7039,713.3933,583.5562,713.3933,-34.7132,2.4201,-103.5235,-31.0868,2.5989,-70.9349,-99.827,-84.7471,-35.8889,4.6586,-103.5251,1.8685,8.8644,0.9378,139.2074,67.9204,125.3766,139.3033,76.6694,139.3033,79.5328,60.0254,69.6656,-6.5974,30.5695,48.0651,3.0476,64.4967,35.255,-20.4154,713.4657,521.5236,713.4657,919.9296,919.9296,-38.355,-15.0993,-115.1572,-33.4537,3.4101,-99.8756,-106.9417,-93.7108,-19.5168,-24.7359,-15.6409,-15.6409,-5.8288,-11.0194,-25.3886,-25.3886,-38.376,-15.1438,-117.2744,5.7228,27.0299,-14.9296,50.8521,757.6398,566.535,1021.1892,757.6398,1021.1892,-3.6006,-7.8098,-19.5168,1.0811
342_1,342,95.9,79.8,70.4273,70.0196,-3.7021,-4.3644,111.8318,-3.2322,71.4068,2712.5881,60.288,111.8318,-115.8926,25.0406,2521.8413,11.8327,7.7962,-19.1268,14.7108,1.9211,30.8194,12.0063,6.9654,-19.0175,31.083,-11.499,-19.4866,34.0699,7.4369,14.341,31.4539,-11.3645,-19.6637,1173.8613,-18.5225,-18.7931,-4.4699,-19.202,9.5191,-14.5153,655.9244,15.0603,101.5731,686.6676,645.201,2521.8413,686.6676,2521.8413,52.8834,88.4435,65.4728,-5.2685,-18.2854,689.2333,680.2449,716.0149,689.2333,716.0149,-11.8327,7.7962,-109.1268,-14.7108,1.9211,-59.1806,-89.875,-86.8143,-15.0528,13.9966,-109.1268,15.8929,16.5894,5.2513,124.1389,66.0263,126.5047,126.5974,87.4933,127.662,89.2136,46.8723,62.562,-0.5584,26.8082,34.7956,-11.8134,94.6872,13.7938,-17.9519,730.9307,696.394,730.9307,900.8575,900.8575,-31.083,-11.499,-109.4866,-34.0699,7.4369,-75.659,-91.289,-90.0556,-4.4699,-14.5153,-5.2152,-7.6589,-24.0142,-24.4891,-14.6013,-14.6013,-37.0465,-11.806,-109.6871,6.4948,31.3001,1.9302,51.4716,776.7687,674.896,1173.8613,776.7687,1173.8613,-18.7547,-17.7762,-4.5913,0.8993
342_2,342,96.3,76.8,69.7902,68.0119,-14.3223,-2.3766,115.5168,-1.9403,71.9894,2656.4216,59.4046,115.5168,-92.7588,23.8621,2538.5728,11.8889,7.8368,-18.0405,15.0125,0.4508,9.963,11.8321,7.0945,-17.885,33.9477,-10.628,-18.7216,35.4553,-2.1908,-2.8091,34.2484,-10.5053,-18.6595,1242.5458,-21.3425,-17.9093,-4.6263,-20.721,0.7497,-12.9769,642.855,10.8306,102.9024,641.9163,712.3564,2538.5728,641.9163,2538.5728,54.5388,83.6302,61.8634,-4.3251,-12.7436,590.244,724.2487,742.1302,590.244,742.1302,-11.8889,7.8368,-108.0405,-15.0125,0.4508,-80.037,-89.42,-87.0167,-15.0125,15.8002,-108.0644,16.296,15.8002,10.8758,123.5287,66.7253,122.1871,126.21,77.3721,131.9451,90.156,53.6194,63.68,1.2802,30.046,56.5971,-9.7207,94.4309,12.5963,12.0248,502.4618,740.0239,502.4618,940.1498,940.1498,-33.9477,-10.628,-108.7216,-35.4553,-2.1908,-92.8091,-91.7746,-91.0175,-4.6263,-12.9769,-6.5719,-8.5054,-23.4421,-24.9061,-12.9769,-13.9607,-36.2676,-11.0258,-108.7216,13.0717,26.7653,8.5176,69.8159,366.4597,655.5058,1242.5458,366.4597,1242.5458,-21.7603,-17.0505,-4.5022,0.9189
342_3,342,96.6,82.1,71.1742,70.5834,-2.6376,6.0364,114.1411,4.7664,72.3962,2811.2124,57.4587,114.1411,-18.8844,23.8503,2572.1165,12.1415,5.838,-17.9304,17.3534,-0.6593,0.0625,12.5148,5.0669,-17.8193,33.8569,-12.1869,-17.2483,34.5637,-7.3716,-7.5766,34.0828,-12.0369,-17.1813,1322.519,-21.167,-17.7596,-3.2294,-17.4174,-4.145,-9.2668,645.5819,12.8199,113.1729,498.7655,669.6299,2572.1165,498.7655,2572.1165,60.3664,87.72,61.1678,-1.4686,-25.2411,428.7764,686.2438,781.4819,428.7764,781.4819,-12.1415,5.838,-107.9304,-17.3534,-0.6593,-89.9375,-87.5628,-84.8047,-17.3534,15.071,-107.9304,16.0226,15.071,21.0416,124.4269,70.1875,123.5641,125.6533,78.0225,138.8717,102.1908,60.9679,63.8721,-2.9457,29.4417,64.0435,-9.224,91.1244,14.0229,15.1091,312.672,700.8125,312.672,991.4841,991.4841,-33.8569,-12.1869,-107.2483,-34.5637,-7.3716,-97.5766,-89.798,-88.5855,-3.2294,-9.2668,-6.2915,-8.5291,-21.1897,-25.5799,-9.2668,-12.6649,-34.954,-12.5684,-107.2483,15.8398,23.5877,21.0799,60.4485,247.2771,609.0627,1322.519,247.2771,1322.519,-21.0555,-16.8308,-3.1719,0.8468
342_4,342,96.6,,72.5419,71.7377,-7.2493,-5.2083,116.8061,-4.3649,73.4176,2680.2444,57.1024,116.8061,130.7686,24.4578,2568.0918,12.2579,8.4769,-17.77,14.7452,-0.6056,5.5271,11.97,6.1832,-18.0204,33.6292,-11.5178,-19.2867,36.7714,-3.8173,-6.1435,34.5132,-10.9044,-19.6239,1241.4836,-20.4053,-19.182,-5.9533,-22.4732,-0.1514,-12.0641,654.2808,6.0835,106.4588,644.1199,658.3276,2568.0918,644.1199,2568.0918,58.8118,90.3261,65.3057,-4.4429,-65.9635,595.2996,702.6735,712.6135,595.2996,712.6135,-12.2579,8.4769,-107.77,-14.7452,-0.6056,-84.4729,-87.8797,-84.9261,-14.7452,15.6952,-108.1028,15.6197,18.5399,4.0799,122.0088,64.501,121.1575,123.8306,75.2178,127.8781,88.1687,51.4582,60.1882,0.5914,34.8359,56.9185,-9.2696,94.2058,11.7072,-26.8067,440.2574,713.0361,440.2574,882.2169,882.2169,-33.6292,-11.5178,-109.2867,-36.7714,-3.8173,-96.1435,-90.653,-89.2434,-5.9533,-12.0641,-7.0756,-9.3243,-23.8032,-25.3225,-12.0641,-14.1339,-36.7746,-11.829,-109.6732,6.0779,31.3782,0.3471,45.4862,327.3854,651.1398,1241.4836,327.3854,1241.4836,-21.8456,-16.3612,-5.2559,0.9369
342_5,342,87.7,75.6,68.7366,66.5938,-15.9317,3.7488,115.3511,3.1113,68.7366,2541.8467,62.0302,115.3511,163.0309,22.6785,2316.6294,11.5177,4.9331,-21.7127,16.8017,-1.4222,3.0808,11.6553,4.5544,-21.6414,33.5037,-10.6734,-20.4872,33.7776,-4.8046,-6.953,33.6012,-10.595,-20.4499,1159.0288,-21.6504,-15.5368,-1.9675,-17.4994,-0.3681,-10.5414,631.6041,12.8402,103.1425,654.1126,702.6774,2316.6294,654.1126,2316.6294,58.9965,88.7198,63.0786,-2.5043,-10.055,588.736,711.1968,711.6792,588.736,711.6792,-11.5177,4.9331,-111.7127,-16.8017,-1.4222,-86.9192,-88.9787,-86.2423,-16.8017,15.3606,-111.7392,14.8299,15.3606,5.2069,121.9376,65.8632,120.1384,123.1422,74.4888,126.8361,84.6477,55.6746,62.6816,-1.0456,29.7299,55.5479,-14.0862,90.0889,14.9995,21.5666,437.395,747.1159,437.395,865.3221,865.3221,-33.5037,-10.6734,-110.4872,-33.7776,-4.8046,-96.953,-92.0748,-91.1768,-1.9675,-10.5414,-7.3522,-9.4596,-21.6622,-24.8577,-10.5414,-13.2758,-34.4643,-11.184,-110.4944,8.5389,25.1126,-1.8049,70.8842,327.4392,602.3789,1159.0288,327.4392,1159.0288,-21.6206,-15.0778,-1.9411,0.8649
342_6,342,96.2,83.3,71.8391,71.227,3.885,6.6338,112.9215,5.3215,73.9529,2819.949,59.9207,112.9215,4.9402,25.2058,2608.2458,12.5049,7.6748,-16.7652,16.8173,-0.7746,1.959,12.8895,5.834,-16.8014,32.6467,-10.642,-17.3393,34.671,-5.1131,-7.0793,33.4203,-9.9685,-17.5316,1329.8187,-19.4249,-17.7387,-4.6807,-18.2001,-1.5576,-9.8812,663.0973,14.8604,101.4127,570.7172,630.4461,2608.2458,570.7172,2608.2458,57.8938,91.1848,66.8254,-1.3311,-45.7871,474.1619,697.9617,781.4213,474.1619,781.4213,-12.5049,7.6748,-106.7652,-16.8173,-0.7746,-88.041,-87.0583,-85.8443,-16.8173,14.7385,-106.9163,17.3128,14.7385,17.7621,123.4511,65.5658,121.6891,127.1285,73.6136,136.0882,93.8418,59.4928,63.1162,-2.3671,29.658,60.6258,-11.4477,89.5783,15.082,-6.3441,347.2667,711.2606,347.2667,971.5903,971.5903,-32.6467,-10.642,-107.3393,-34.671,-5.1131,-97.0793,-89.0954,-88.507,-4.6807,-9.8812,-5.936,-7.8926,-19.99,-24.14,-9.8812,-12.5897,-34.6729,-11.1899,-107.5439,15.7361,28.3225,17.635,61.3552,249.6318,572.642,1329.8187,249.6318,1329.8187,-19.9759,-15.229,-4.3348,0.8109
342_7,342,90.5,73.2,69.6332,67.1239,-16.6385,-4.3396,117.9105,-3.7525,69.6332,2635.8179,60.9169,117.9105,-8.4924,24.0704,2616.6523,12.0347,6.0382,-22.1127,16.6108,-1.505,2.0621,12.1019,4.7637,-22.1466,33.8063,-12.448,-21.2388,34.7365,-6.0999,-7.7483,34.1893,-12.1134,-21.2552,1409.7616,-21.2172,-18.2528,-3.1131,-18.6482,-1.6246,-10.6597,640.6476,6.0449,108.9674,615.1982,664.853,2616.6523,615.1982,2616.6523,60.8088,87.0838,61.0381,-4.2648,-53.6673,568.158,700.7584,716.9025,568.158,716.9025,-12.0347,6.0382,-112.1127,-16.6108,-1.505,-87.9379,-87.1477,-84.4598,-16.6108,14.9335,-112.2103,15.0876,16.7703,7.473,124.4621,63.1524,123.2326,127.6003,72.1555,136.7753,92.2297,55.7089,64.0709,-0.985,32.5709,57.465,-11.5814,91.1007,11.3642,1.6815,402.9761,708.6143,402.9761,990.3568,990.3568,-33.8063,-12.448,-111.2388,-34.7365,-6.0999,-97.7483,-90.8155,-89.774,-3.1131,-10.6597,-7.803,-9.9856,-22.0513,-25.4907,-10.6597,-12.9815,-35.1937,-12.9154,-111.2914,10.7301,28.8001,8.8493,35.9124,318.7998,574.8567,1409.7616,318.7998,1409.7616,-21.6227,-16.6824,-2.7553,0.9009
342_8,342,100.6,82.4,71.4152,71.2349,-2.5759,-0.6161,113.7054,-0.5943,71.4152,2715.0825,59.0996,113.7054,-171.8611,24.6634,2513.271,10.1215,8.6142,-19.4998,14.5475,2.6144,25.5924,9.9794,6.0028,-20.0539,31.4974,-11.5132,-18.9021,31.3848,3.1997,11.8392,32.6489,-10.7845,-19.6268,1266.5098,-20.8201,-19.9094,-3.0772,-16.5899,4.0409,-13.1444,655.1725,15.4151,102.9291,687.2185,739.981,2513.271,746.3004,2513.271,57.0048,82.0288,62.8311,-1.8469,-71.311,662.0627,647.9934,749.5136,662.0627,749.5136,-10.1215,8.6142,-109.4998,-14.5475,2.6144,-64.4076,-88.6511,-87.5802,-14.8798,15.2883,-110.1114,16.442,16.3891,12.7942,123.3241,68.1932,127.8132,127.8132,86.381,133.3575,93.6023,44.002,61.8386,-0.0782,32.7498,37.0871,-13.7311,87.145,15.3901,-36.8499,719.9434,655.9427,719.9434,928.9277,928.9277,-31.4974,-11.5132,-108.9021,-31.3848,3.1997,-78.1608,-91.025,-90.2095,-3.0772,-13.1444,-6.0839,-7.6722,-22.7251,-25.498,-13.3439,-13.3439,-34.1845,-11.853,-109.6348,9.4793,27.3737,9.5936,53.1642,591.1564,474.4956,1266.5098,591.1564,1266.5098,-22.2726,-16.6034,-2.5628,0.9009
42_1,42,103.9,79.4,78.4978,77.8601,0.6256,8.826,115.0912,6.5409,79.8418,2693.5786,-123.9546,115.0912,73.4328,21.7664,1817.7859,14.6412,3.6521,-2.9842,13.2728,3.8316,27.6712,12.3821,3.7895,-9.497,26.1278,-4.2487,-16.3326,26.6716,5.8885,0.9387,24.9768,-5.0705,-15.4085,1254.7069,-11.0101,-4.1925,-14.935,-12.9585,8.3059,-25.4632,619.2072,20.3149,108.9596,638.2892,713.9702,1817.7859,3308.0896,3308.0896,44.697,64.4693,18.7623,-16.054,213.9111,616.3545,645.6774,756.0808,616.3545,756.0808,-14.6412,3.6521,-92.9842,-13.2728,3.8316,-62.3288,-89.9967,-89.9967,-14.9192,6.5762,-99.497,12.9773,8.0192,9.9507,131.9502,92.6569,129.1633,132.6096,104.6974,132.6096,105.4008,40.9567,49.5409,-2.8617,15.7145,50.3107,-14.6403,88.2416,57.1625,64.3734,599.8179,663.1756,599.8179,929.6973,929.6973,-26.1278,-4.2487,-106.3326,-26.6716,5.8885,-89.0613,-94.7576,-94.7576,-14.935,-25.4632,-5.9065,-5.9065,-13.4467,-7.3977,-25.4632,-25.5526,-27.9309,-5.0866,-106.7015,16.184,32.8792,6.2021,117.5977,688.0715,776.4518,1254.7069,688.0715,1254.7069,-12.1635,-7.3607,-7.7164,0.9189
42_2,42,101.8,79.4,79.2,77.7173,-13.5722,-2.4757,112.3448,-2.0046,79.2,2616.2595,-121.7371,112.3448,62.1384,22.6737,1715.3997,18.2674,3.4265,-1.1655,14.8125,4.8929,29.3764,15.0007,3.8582,-6.7948,29.1971,-5.1791,-16.3009,28.9603,6.5523,1.4389,28.6056,-6.4617,-14.2526,1290.0103,-10.6594,-3.3553,-17.0723,-13.4084,8.9976,-26.4387,619.2686,21.2338,111.5746,712.4828,746.4547,1715.3997,712.4828,1715.3997,41.1722,68.2328,16.2752,-14.839,188.92,632.8148,649.5857,770.944,632.8148,770.944,-18.2674,3.4265,-91.1655,-14.8125,4.8929,-60.6236,-89.0082,-87.8334,-18.5453,8.3015,-96.8031,11.8063,9.625,6.3276,132.9055,91.6747,128.7396,133.8699,102.1888,133.8699,104.6396,38.9393,49.7868,-0.4496,22.9429,48.6685,-15.4308,87.0448,60.506,68.6075,648.5026,682.2869,648.5026,951.1824,951.1824,-29.1971,-5.1791,-106.3009,-28.9603,6.5523,-88.5611,-94.2378,-93.0316,-17.0723,-26.4387,-6.5887,-6.61,-13.8687,-9.3655,-26.4387,-26.4397,-30.619,-6.4717,-106.4889,11.2851,35.2663,0.0768,87.482,772.5598,823.2114,1290.0103,772.5598,1290.0103,-13.0783,-7.9983,-9.9325,1.1892
42_3,42,104.8,78.0,74.1721,73.1263,-10.7345,-3.8921,112.5407,-2.9175,76.5585,2692.0706,-123.2754,112.5407,98.1066,21.8574,1719.6067,18.4974,4.3924,-3.1147,18.6707,6.4399,21.1533,15.0346,4.5726,-7.5429,29.1733,-6.4761,-16.3982,31.6971,1.037,-5.2732,27.6067,-6.3172,-14.1718,1249.3186,-10.0732,-5.9922,-16.09,-12.1342,3.6838,-26.6588,608.7028,18.1602,107.3828,569.347,776.244,1719.6067,569.347,1719.6067,46.8824,70.6177,12.0491,-10.8829,144.4462,526.8809,609.1502,739.8498,526.8809,739.8498,-18.4974,4.3924,-93.1147,-18.6707,6.4399,-68.8467,-90.1624,-87.881,-19.6538,7.2783,-97.5463,12.4513,12.1034,5.3561,133.1274,91.3634,129.105,133.422,100.3865,133.422,102.0156,47.739,54.1975,-0.3681,26.485,52.0706,-13.7584,87.9789,60.201,25.7784,459.917,625.7837,459.917,933.8995,933.8995,-29.1733,-6.4761,-106.3982,-31.6971,1.037,-95.2732,-95.2129,-91.8255,-16.09,-26.6588,-6.2199,-6.618,-12.1866,-8.9913,-26.6588,-27.1936,-31.8066,-6.8553,-106.4241,11.7392,36.4136,-2.4213,102.353,549.5244,805.9327,1249.3186,549.5244,1249.3186,-11.9605,-8.7538,-9.2976,1.1511
42_4,42,98.2,70.8,78.3806,76.228,15.1683,9.5074,118.1462,7.0001,79.5106,2750.8567,-119.2484,118.1462,158.2422,22.3658,1800.1511,17.7213,4.1776,2.9946,16.3729,5.5974,26.5454,14.9433,4.1584,-4.5866,29.8245,-3.8455,-14.3553,32.0915,3.9488,-0.4409,26.1494,-4.5216,-11.7054,1229.9636,-11.6784,-2.2468,-18.9726,-14.8945,6.3202,-26.2286,611.1622,20.3677,108.7434,569.321,696.7283,1800.1511,569.321,1800.1511,44.4532,66.6749,12.2188,-11.4324,206.3891,578.3943,642.097,772.2603,578.3943,772.2603,-17.7213,4.1776,-87.0054,-16.3729,5.5974,-63.4546,-85.7941,-84.9194,-17.9657,7.5916,-94.5866,13.0227,12.6062,9.3783,131.8697,89.143,129.0713,133.489,99.0099,133.489,102.5092,47.406,53.5822,-2.4188,22.3454,48.5727,-14.8667,88.8253,59.1526,66.3505,572.759,672.4577,572.759,915.4393,915.4393,-29.8245,-3.8455,-104.3553,-32.0915,3.9488,-90.4409,-92.4098,-91.8798,-18.9726,-26.2286,-7.5831,-7.9614,-14.8945,-7.6757,-26.2286,-26.3297,-32.2691,-4.7608,-104.7131,12.4231,39.9856,4.4559,106.592,765.0517,889.7401,1229.9636,765.0517,1229.9636,-10.7066,-6.5121,-9.1583,0.9911
42_5,42,104.8,80.8,79.6498,77.3966,13.9504,11.9068,114.7684,8.7881,80.8545,2780.1838,-120.4715,114.7684,83.8757,22.7455,1807.5548,15.6604,3.8602,-0.0324,15.4513,5.1567,26.8882,14.352,3.8284,-5.2882,28.5252,-5.1877,-13.9528,31.711,2.8114,-1.3169,26.9537,-6.2127,-12.305,1324.7913,-12.3499,-4.8616,-15.8754,-15.613,5.5415,-27.7126,631.7095,20.9374,109.9152,555.9646,697.8526,1807.5548,555.9646,1807.5548,44.9742,72.2521,12.0068,-8.7786,168.0184,590.4973,656.6239,745.991,590.4973,745.991,-15.6604,3.8602,-90.0324,-15.4513,5.1567,-63.1118,-88.0459,-85.3973,-16.399,7.209,-95.3083,14.0071,12.8835,11.6911,131.2853,89.2469,126.9149,132.0175,99.9533,132.0175,101.853,46.5579,52.1978,-2.7425,18.5784,52.2847,-14.058,87.7025,57.4348,21.4511,517.1798,680.5909,517.1798,951.3947,951.3947,-28.5252,-5.1877,-103.9528,-31.711,2.8114,-91.3169,-94.2592,-91.7475,-15.8754,-27.7126,-7.4604,-7.9995,-15.6506,-8.3226,-27.7126,-28.3217,-31.7927,-6.2227,-103.9632,14.9098,40.3167,7.6224,115.5698,602.5147,871.6924,1324.7913,602.5147,1324.7913,-12.0981,-7.9525,-9.3416,0.9909
426_1,426,93.3,66.9,64.4448,61.2274,-18.6563,-6.1238,93.9991,-5.442,65.6076,2410.947,-107.0313,93.9991,88.8934,20.8861,1782.9426,32.9293,4.3605,-29.2944,28.6491,7.4119,22.8452,33.7423,4.8861,-30.3335,31.1043,-6.0149,-26.566,22.5689,21.7968,7.3154,31.144,-6.1783,-25.7229,1081.2235,2.1678,-10.1857,-3.3864,8.931,19.9061,-5.9186,650.8862,44.6237,101.5702,1108.2129,533.2125,1782.9426,1108.2129,1782.9426,43.3866,89.4322,35.6668,-3.6359,36.2409,476.6208,450.9231,710.0244,476.6208,710.0244,-32.9293,4.3605,-119.2944,-28.6491,7.4119,-67.1548,-109.5964,-94.4742,-34.2601,8.3012,-120.4334,-4.7767,14.1659,-13.6081,134.1727,86.6875,124.4277,134.1774,102.173,134.1774,104.4843,46.6109,61.7463,5.3802,20.3151,24.6601,-7.3555,68.0603,37.5472,-15.332,761.2482,447.6508,761.2482,814.2584,814.2584,-31.1043,-6.0149,-116.566,-22.5689,21.7968,-82.6846,-103.8229,-93.2844,-3.3864,-5.9186,-1.6391,-2.7034,1.7715,-14.6305,-13.2256,-13.2256,-31.2182,-6.1783,-117.1998,6.5757,37.4831,-12.2313,58.4171,962.1122,450.9661,1081.2235,962.1122,1081.2235,2.8914,-11.7557,-2.3405,0.9712
426_2,426,95.5,70.0,69.714,68.376,-12.8181,1.3244,93.5607,0.9551,70.3444,2508.0015,-107.3736,93.5607,232.6679,22.3247,1764.8774,31.8962,3.6565,-25.49,27.6876,6.8838,28.7966,32.747,4.065,-28.6439,31.0548,-4.9395,-26.0934,23.4272,23.939,9.4741,31.3229,-6.2872,-24.7254,986.4154,1.1429,-6.9698,-5.0786,7.7825,23.9284,-8.0935,643.0992,47.2064,106.4206,1122.4503,514.0209,1764.8774,1122.4503,1764.8774,44.4115,88.1102,34.4476,-0.5404,88.5361,551.7058,424.1361,631.9985,551.7058,631.9985,-31.8962,3.6565,-115.49,-27.6876,6.8838,-61.2034,-113.6885,-97.8288,-32.9457,6.8838,-118.6984,-4.799,14.1612,-7.2761,133.8085,86.167,125.2117,133.8582,102.2744,133.8582,105.0727,41.6399,58.757,4.0005,24.9256,27.8502,-7.8515,68.0649,38.2708,13.88,763.9577,426.9206,763.9577,822.5184,822.5184,-31.0548,-4.9395,-116.0934,-23.4272,23.939,-80.5259,-107.425,-96.1036,-5.0786,-8.0935,-0.6705,-1.7818,0.979,-13.7239,-14.3982,-14.3982,-31.4821,-6.3656,-116.1173,5.8384,40.7877,-8.1373,67.487,866.9407,366.345,986.4154,866.9407,986.4154,1.7214,-10.8209,-2.3329,1.0631
426_3,426,98.6,69.5,68.0588,67.4058,-7.0997,5.184,94.5005,4.3183,68.0588,2515.72,-107.8501,94.5005,158.9469,21.7133,1827.7001,31.8402,3.9155,-26.7405,29.0526,6.8593,25.6875,32.7657,4.5776,-28.918,31.2765,-5.6801,-26.857,23.2243,22.5507,6.5079,31.691,-6.6107,-25.5047,1058.3108,0.929,-8.0802,-5.1966,9.1144,22.8756,-8.1677,639.4913,45.3391,100.3385,1139.6741,531.0003,1827.7001,1139.6741,1827.7001,44.8245,90.7259,33.3032,-2.1779,75.6242,522.6094,439.0883,667.1328,522.6094,667.1328,-31.8402,3.9155,-116.7405,-29.0526,6.8593,-64.3125,-110.3598,-97.5244,-32.9122,7.1781,-118.9199,-3.5215,14.1816,-4.7616,133.5091,87.7817,125.5953,133.5245,103.5277,133.5245,106.9065,44.2933,60.3721,3.6023,25.7069,28.3629,-8.217,71.4309,37.7154,5.3494,787.4527,433.9859,787.4527,857.6613,857.6613,-31.2765,-5.6801,-116.857,-23.2243,22.5507,-83.4921,-105.1935,-96.1776,-5.1966,-8.1677,-1.5204,-2.7087,0.6788,-13.828,-15.6207,-15.6207,-31.8199,-6.6619,-117.015,8.8208,39.7623,-5.3646,72.6182,941.7509,417.1674,1058.3108,941.7509,1058.3108,1.4533,-11.2477,-3.2263,1.0631
426_4,426,95.4,68.1,68.4686,68.1394,-2.3488,4.6565,94.9899,3.911,70.0335,2498.8586,-105.8611,94.9899,81.2275,22.2555,1820.3864,31.1817,3.6079,-28.2917,27.9911,6.8795,24.9511,32.7995,4.4482,-30.9757,31.2193,-5.617,-26.7267,25.0075,20.3912,6.2257,31.9297,-6.6551,-25.5202,1075.6091,0.2524,-8.6974,-3.4652,5.7598,20.6279,-9.4054,626.8273,47.6404,100.8754,946.9722,544.4783,1820.3864,946.9722,1820.3864,47.3364,90.0324,33.271,-0.1398,95.2699,520.2579,471.5377,660.1527,520.2579,660.1527,-31.1817,3.6079,-118.2917,-27.9911,6.8795,-65.0489,-111.0056,-95.3751,-33.5547,8.4118,-121.0585,-5.0462,13.6179,-2.6947,133.4858,86.217,127.1074,133.5654,101.499,133.5654,106.5699,48.0185,61.6343,3.4535,24.2055,29.4221,-8.6547,68.5982,37.554,8.9291,748.1476,467.3568,748.1476,842.339,842.339,-31.2193,-5.617,-116.7267,-25.0075,20.3912,-83.7743,-104.5209,-94.1898,-3.4652,-9.4054,-1.0921,-2.0339,-0.6051,-15.3199,-14.9495,-14.9495,-31.9313,-6.7059,-116.8106,5.9305,39.8304,-2.8868,74.8971,848.4122,425.5341,1075.6091,848.4122,1075.6091,1.1315,-12.2825,-1.4513,0.973
426_5,426,96.5,70.4,69.7928,68.6454,-11.4074,3.8156,95.8259,3.0581,70.5659,2596.6362,-108.2106,95.8259,193.0472,23.3496,1829.8964,32.3343,4.8848,-24.377,27.7179,5.988,23.7392,34.2753,6.4847,-28.2938,31.2691,-4.6334,-28.0307,22.4859,22.4729,4.3505,31.5293,-5.8338,-24.6628,1023.0165,1.5074,-6.0618,-8.2105,8.2782,23.4939,-8.601,699.4752,43.2405,106.7681,1104.7876,477.6755,1829.8964,1104.7876,1829.8964,46.0659,88.6078,32.5849,-2.1587,67.5598,544.5983,412.9608,711.793,544.5983,711.793,-32.3343,4.8848,-114.377,-27.7179,5.988,-66.2608,-112.149,-97.5176,-34.3541,8.5789,-119.0607,-4.4787,12.9864,-6.5428,133.8695,87.8571,126.0365,133.9748,108.6717,133.9748,108.6717,43.1202,64.7941,2.9819,30.5457,29.6207,-3.0438,69.8988,34.8891,-0.6848,805.4998,427.909,805.4998,877.1249,877.1249,-31.2691,-4.6334,-118.0307,-22.4859,22.4729,-85.6495,-105.9656,-96.9883,-8.2105,-8.601,-1.3722,-3.0713,1.3091,-15.3726,-16.3765,-16.3765,-31.9964,-5.988,-118.335,5.526,36.3368,-7.8558,54.0928,875.064,383.5269,1023.0165,875.064,1023.0165,3.1522,-12.2157,-3.9871,1.3153
426_6,426,94.6,66.6,68.9418,65.9111,-19.584,-0.7045,97.4863,-0.5798,70.2479,2529.0547,-105.8648,97.4863,-4.9331,21.5392,1789.1785,31.3325,3.5997,-27.4998,29.7166,6.4524,21.8416,32.0547,4.0771,-28.6832,30.8527,-5.938,-27.0983,23.6014,19.1794,2.6219,31.0748,-6.729,-26.1244,1038.563,0.8277,-8.3475,-4.6514,8.6889,20.4841,-9.6867,619.5363,46.1771,101.4923,1022.756,504.0216,1789.1785,1022.756,1789.1785,44.065,85.06,32.5807,-1.1907,52.3084,512.3632,452.525,657.2084,512.3632,657.2084,-31.3325,3.5997,-117.4998,-29.7166,6.4524,-68.1584,-109.0567,-94.6887,-32.7482,6.4524,-118.7073,-5.8155,13.0928,-10.176,133.6442,86.741,127.229,133.713,102.7454,133.713,107.0558,46.031,60.0192,3.439,23.8762,30.4065,-6.9843,67.4752,36.9705,-4.0374,762.2667,442.756,762.2667,865.7827,865.7827,-30.8527,-5.938,-117.0983,-23.6014,19.1794,-87.3781,-104.7078,-94.1375,-4.6514,-9.6867,-2.2106,-2.6715,0.7868,-13.2197,-15.599,-15.599,-31.1464,-6.9596,-117.3879,6.1466,38.3422,-10.6486,61.2329,853.3823,417.6195,1038.563,853.3823,1038.563,1.3716,-10.508,-3.6086,1.0271
426_7,426,92.6,66.7,71.5242,70.7769,-2.3812,9.0868,97.7871,7.2824,72.3302,2549.2417,-107.0729,97.7871,68.1428,21.9929,1776.2704,30.5602,4.3273,-26.5088,27.51,6.2094,26.5977,30.87,4.6957,-28.1586,30.5121,-5.2206,-26.6358,23.3654,19.6698,6.5664,30.4071,-6.1331,-25.5438,1073.2031,0.4034,-8.1476,-4.9987,6.6861,21.1051,-10.839,631.994,47.6696,104.3883,1116.6301,497.2439,1776.2704,1116.6301,1776.2704,45.2753,83.8283,32.8784,-1.9544,56.381,538.4532,454.8893,698.5336,538.4532,698.5336,-30.5602,4.3273,-116.5088,-27.51,6.2094,-63.4023,-109.6159,-97.3268,-31.4294,6.3976,-118.1605,-3.0721,11.0862,0.6748,133.4558,87.7624,126.5683,133.4715,114.7808,133.4715,115.9807,43.7106,60.1272,3.0526,23.4019,29.2041,-7.4951,66.1925,36.011,4.2136,729.6711,455.6722,729.6711,1016.1763,1016.1763,-30.5121,-5.2206,-116.6358,-23.3654,19.6698,-83.4336,-105.6297,-96.5562,-4.9987,-10.839,-1.456,-2.0382,0.268,-12.0282,-14.4258,-14.4258,-30.6997,-6.2793,-116.7352,11.349,36.6088,1.1743,55.82,913.3026,403.68,1073.2031,913.3026,1073.2031,0.8074,-10.6295,-3.349,1.0271
426_8,426,96.5,68.8,66.7588,65.845,-0.6924,10.5171,97.5026,9.2257,68.0511,2438.4895,-106.0439,97.5026,118.2198,19.9656,1757.6741,29.221,4.7866,-27.8335,25.5459,6.847,27.6401,29.5756,5.1801,-28.3329,28.4573,-5.5883,-26.6542,15.1963,23.7094,14.4232,28.7834,-5.8761,-26.0819,1184.381,1.1153,-9.623,-4.0742,13.1423,20.7829,-3.8551,650.8608,46.5338,102.8567,1188.8848,502.303,1757.6741,1188.8848,1757.6741,42.5309,84.9035,33.6157,-4.4339,28.2843,539.6654,474.5336,703.991,539.6654,703.991,-29.221,4.7866,-117.8335,-25.5459,6.847,-62.3599,-108.8265,-96.5091,-30.8207,8.4082,-118.3563,-0.9485,11.1005,-0.8834,133.4689,86.4596,125.8932,133.515,103.1417,133.515,107.1924,40.4094,58.6964,5.4123,19.7394,27.218,-8.4766,67.3079,37.3443,-10.8994,838.6849,465.0521,838.6849,866.8207,866.8207,-28.4573,-5.5883,-116.6542,-15.1963,23.7094,-75.5768,-105.012,-96.5918,-4.0742,-3.8551,-2.2299,-3.493,1.0527,-13.7318,-13.2525,-13.2525,-28.8316,-6.0996,-117.0088,16.8968,34.8413,3.8419,60.2026,1052.2007,457.0943,1184.381,1052.2007,1184.381,1.1387,-10.7202,-3.5387,0.9009
48_1,48,95.8,68.6,56.255,40.0635,-32.6146,-21.8433,97.1947,-23.1958,60.8149,2395.8315,-109.2955,97.1947,32.1717,23.5742,2260.625,19.1244,1.7978,-19.3822,20.0706,9.2269,24.0297,19.4015,1.6948,-19.4536,26.884,-3.2925,-24.1258,25.288,15.762,8.3087,26.9926,-3.3203,-24.3415,1300.3121,-7.6466,-3.2513,-6.1545,-3.0183,11.6329,-11.9964,631.9083,35.3104,101.8097,1239.9878,695.2227,2260.625,1239.9878,2260.625,46.3462,69.1419,55.103,7.1152,-22.3092,707.0009,503.9092,794.637,707.0009,794.637,-19.1244,1.7978,-109.3822,-20.0706,9.2269,-65.9703,-101.0338,-88.9144,-24.6474,9.2269,-109.465,7.2217,15.1213,-10.244,115.7925,55.6989,116.8465,118.3779,77.9012,118.3779,78.5908,44.7903,61.1823,-2.2317,41.1336,39.4241,-1.804,81.7463,23.6446,-23.6996,802.397,504.7981,802.397,915.2863,915.2863,-26.884,-3.2925,-114.1258,-25.288,15.762,-81.6913,-104.1155,-94.7863,-6.1545,-11.9964,-5.1718,-7.7137,-7.6466,-5.2296,-13.4181,-13.4181,-29.8788,-3.3692,-114.4057,8.0681,38.3361,-12.8078,63.3957,914.3278,484.4932,1300.3121,914.3278,1300.3121,-7.4904,-3.104,-6.2811,1.0072
48_2,48,97.4,66.1,72.7403,71.4353,7.0035,9.934,102.5402,7.909,74.0229,2678.968,-110.8507,102.5402,50.3569,23.3232,2203.3987,16.7635,3.0754,-17.2936,19.3693,9.7611,25.7267,17.0911,3.1299,-17.3791,24.8337,-3.3651,-24.1996,25.2334,14.8815,7.5696,24.9275,-3.2068,-24.5331,1242.573,-7.7789,-4.1536,-8.4863,-3.3947,11.0405,-14.8554,626.3154,29.5304,103.9939,1169.3104,879.759,2203.3987,1169.3104,2203.3987,48.8104,81.6467,53.5174,1.8446,-12.5917,719.4099,648.5339,748.9881,719.4099,748.9881,-16.7635,3.0754,-107.2936,-19.3693,9.7611,-64.2733,-100.6778,-85.9271,-23.4536,9.7611,-107.3791,9.8037,14.5006,-1.8096,116.1129,53.5805,114.5611,116.4362,79.2152,116.4362,82.3226,35.2271,57.7842,-0.3085,44.4107,43.2518,2.4375,80.9849,19.6729,-22.8345,794.2929,654.2575,794.2929,894.0276,894.0276,-24.8337,-3.3651,-114.1996,-25.2334,14.8815,-82.4304,-103.8531,-92.1679,-8.4863,-14.8554,-5.5012,-7.9997,-7.8004,-7.219,-15.4102,-15.4102,-28.4948,-3.7658,-114.9771,17.3311,38.726,2.0015,61.7571,791.5016,565.4043,1242.573,791.5016,1242.573,-7.5407,-3.9312,-8.7168,1.1712
48_3,48,96.8,71.7,71.7612,71.4742,-3.792,0.6091,98.5969,0.3361,73.4156,2756.8865,-112.4574,98.5969,66.2033,24.0447,2302.467,17.9421,4.187,-17.6018,19.7188,8.177,21.2358,18.244,3.8671,-18.1216,25.1899,-2.8122,-23.6149,24.2234,12.193,3.8471,25.1149,-2.9178,-24.6713,1354.7758,-6.8452,-4.7797,-7.8996,-2.6645,9.8018,-14.636,626.5897,33.0154,103.3156,1105.5482,758.4165,2302.467,1105.5482,2302.467,49.2676,72.7955,54.6444,1.4142,-37.9892,690.3732,564.9705,802.4594,690.3732,802.4594,-17.9421,4.187,-107.6018,-19.7188,8.177,-68.7642,-100.3931,-87.631,-22.3918,8.177,-108.1216,13.9651,13.9625,2.3138,116.2682,53.5727,117.8621,118.1245,78.9171,118.1245,80.6184,47.7499,61.6779,1.8936,38.8087,43.7391,-0.0514,81.2266,23.7531,-40.2235,772.2328,570.9888,772.2328,943.8673,943.8673,-25.1899,-2.8122,-113.6149,-24.2234,12.193,-86.1529,-103.9859,-94.3763,-7.8996,-14.636,-5.5079,-7.6943,-7.1874,-6.1835,-15.4097,-15.4097,-27.8298,-3.0052,-114.9908,20.2991,34.9567,4.0436,71.0355,844.2293,526.4291,1354.7758,844.2293,1354.7758,-6.4966,-4.3668,-8.3646,1.0252
48_4,48,95.5,67.3,69.3275,67.7059,9.5771,9.9368,99.4896,8.3298,69.3275,2557.0098,-110.4535,99.4896,4.7287,21.7612,2126.6904,18.7448,1.6526,-18.1591,17.3756,7.5954,32.7143,18.7448,1.6526,-18.1591,25.9331,-2.8187,-25.0401,23.5661,19.7875,16.6706,25.9331,-2.8187,-25.0401,1176.9358,-7.1182,-2.0163,-7.9548,-3.9508,16.4816,-11.0414,632.0534,30.9753,102.7576,1323.0818,947.3739,2126.6904,1323.0818,2126.6904,47.4251,73.5245,57.9187,3.8753,1.6942,758.3911,649.9941,777.2488,758.3911,777.2488,-18.7448,1.6526,-108.1591,-17.3756,7.5954,-57.2857,-101.7623,-87.8637,-22.869,7.5954,-108.189,8.7519,11.671,3.5672,116.5668,55.8406,113.3361,116.7028,80.3494,116.7028,80.7562,31.1845,59.0188,2.4204,45.5703,43.4893,1.4119,82.3185,23.4403,0.3207,852.7623,654.876,852.7623,898.8337,898.8337,-25.9331,-2.8187,-115.0401,-23.5661,19.7875,-73.3294,-104.7457,-95.1977,-7.9548,-11.0414,-5.4004,-6.8764,-7.1373,-6.6135,-12.2123,-12.2123,-28.6701,-3.9188,-115.0512,15.8509,39.4395,6.5284,64.5796,807.547,551.0547,1176.9358,807.547,1176.9358,-7.1182,-2.0163,-7.9548,0.973
48_5,48,93.4,70.5,68.5017,68.23,2.4482,5.0954,100.7828,4.2494,68.8375,2701.7285,-111.6985,100.7828,70.5876,23.5371,2403.3442,18.1626,3.8221,-20.7557,20.5838,8.611,28.3103,18.6294,3.7874,-20.8083,23.5978,-2.19,-26.547,21.7972,15.2334,12.213,23.6673,-2.1722,-26.9005,1397.5917,-5.1006,-3.8871,-7.3928,0.8351,11.9603,-12.2626,600.8064,29.4721,100.7259,1203.5729,758.1248,2403.3442,1203.5729,2403.3442,47.2255,77.3866,55.0468,-2.7877,-10.3092,713.4304,634.9363,730.7036,713.4304,730.7036,-18.1626,3.8221,-110.7557,-20.5838,8.611,-61.6897,-104.8707,-91.3782,-25.7984,8.611,-110.8097,8.1388,12.8433,1.7799,114.1962,53.2966,116.8078,117.6063,81.0347,117.6063,81.5451,36.4184,60.6997,-2.9369,47.8786,41.6442,-0.5667,82.8692,21.7302,-27.4953,864.2913,641.884,864.2913,935.5721,935.5721,-23.5978,-2.19,-116.547,-21.7972,15.2334,-77.787,-107.3786,-92.5725,-7.3928,-12.2626,-4.8028,-5.9645,-5.2267,-6.5585,-13.9691,-13.9691,-27.1309,-2.4744,-117.288,18.4393,34.1819,6.8335,60.2796,1023.5084,631.4892,1397.5917,1023.5084,1397.5917,-4.7031,-3.6794,-7.6927,1.2252
67_1,67,85.0,59.8,57.8701,57.5259,1.9922,4.835,95.8951,4.6745,59.8084,2402.374,-99.5809,95.8951,-58.3533,19.0453,1769.5726,25.5592,5.9949,-21.825,24.0823,11.7471,14.1474,27.1908,6.4968,-23.1875,35.8932,-6.7386,-14.3969,23.1119,17.1106,-5.1678,35.9966,-5.7562,-16.5762,1306.8906,-10.4456,-14.683,1.249,4.1717,12.9683,-14.623,655.057,58.6765,101.632,796.2964,634.8064,1769.5726,796.2964,1769.5726,34.9611,81.2901,18.531,-22.9275,-35.3097,503.1218,422.0505,610.781,503.1218,610.781,-25.5592,5.9949,-111.825,-24.0823,11.7471,-75.8526,-105.6091,-104.6195,-31.9573,11.7471,-113.1935,6.7036,13.1971,-19.4476,123.1373,65.7881,124.4061,128.6437,69.1728,128.6437,73.5394,62.1911,74.4354,1.3007,28.0004,35.872,-18.6006,76.8433,38.73,-14.8524,668.4598,436.2713,668.4598,781.9703,781.9703,-35.8932,-6.7386,-104.3969,-23.1119,17.1106,-95.1678,-103.0186,-101.7489,1.249,-14.623,-1.3229,-1.3229,-10.4566,-14.6932,-16.7181,-16.7181,-36.1904,-6.9726,-111.8922,33.2951,38.6444,-7.617,93.9892,888.453,553.0782,1306.8906,888.453,1306.8906,-8.8855,-13.9135,0.3089,0.5766
67_2,67,86.8,66.8,65.4589,64.3261,-11.2931,2.3689,96.5443,2.0824,65.4589,2446.8381,-103.9675,96.5443,-43.1032,21.238,1637.2708,25.1359,4.4876,-20.6927,23.1751,7.1919,22.4313,27.4357,4.2219,-26.0157,35.9179,-9.2545,-15.4696,18.6914,19.6498,3.1586,37.4014,-8.7149,-18.4332,1094.5089,-10.4142,-14.6514,-1.1509,7.0039,19.0684,-12.1074,632.0712,52.3867,113.9825,899.4933,693.9246,1637.2708,899.4933,1637.2708,31.8856,85.1107,41.5233,-23.535,8.6235,560.7026,478.7798,621.1448,560.7026,621.1448,-25.1359,4.4876,-110.6927,-23.1751,7.1919,-67.5687,-109.6479,-105.6063,-30.9875,7.3646,-116.0538,2.996,9.5068,-15.378,120.4577,71.9964,121.5898,127.8796,75.66,127.8796,77.5822,51.3601,69.4788,-4.8032,21.4863,37.9862,-19.3336,77.2691,45.4206,25.7874,709.629,501.4962,709.629,761.0558,761.0558,-35.9179,-9.2545,-105.4696,-18.6914,19.6498,-86.8414,-105.2926,-102.6624,-1.1509,-12.1074,-0.7737,-1.4541,-11.5451,-16.2417,-14.9754,-14.9754,-37.8767,-9.4103,-113.0723,26.6778,32.2264,-10.5828,59.0159,749.7455,376.3199,1094.5089,749.7455,1094.5089,-9.7659,-14.9656,0.7647,0.5585
67_3,67,83.1,63.6,61.9007,59.7258,-15.7014,2.0571,93.848,2.033,62.7887,2360.6355,-102.6105,93.848,-43.0105,20.0914,1577.434,24.3966,3.8276,-21.636,24.6174,7.67,15.9765,25.6458,4.3646,-24.8748,36.2063,-7.1281,-14.7557,21.4362,16.2391,-4.3972,36.3402,-5.9775,-17.8278,1173.4175,-11.8083,-12.8115,1.7601,5.3919,16.3799,-14.3929,610.5174,56.7278,122.3119,850.1194,741.5974,1577.434,850.1194,1577.434,34.0519,83.5186,40.0611,-25.4855,-52.5994,514.3177,461.697,617.6738,514.3177,617.6738,-24.3966,3.8276,-111.636,-24.6174,7.67,-74.0235,-106.4864,-103.5266,-30.7315,7.67,-114.8867,2.0424,9.8432,-14.989,121.1844,71.0975,119.1273,127.5057,73.5348,127.5057,76.3015,54.9431,69.933,-3.6175,21.8964,42.4488,-26.6157,77.086,47.8383,-15.3182,638.5558,481.3378,638.5558,787.863,787.863,-36.2063,-7.1281,-104.7557,-21.4362,16.2391,-94.3972,-102.4181,-101.0303,1.7601,-14.3929,1.0182,0.3811,-12.2491,-13.1244,-15.5584,-15.5584,-36.6609,-7.2031,-112.025,26.3335,34.0383,-10.4643,62.481,594.3466,357.4002,1173.4175,594.3466,1173.4175,-10.8008,-12.3651,1.9087,0.5225
67_4,67,84.4,62.2,62.396,61.2875,-10.644,-1.7806,99.1316,-1.8838,62.396,2402.3828,-102.4598,99.1316,-49.4626,20.5594,1522.2534,26.2633,5.8606,-16.3442,23.978,9.8612,18.2264,27.1024,7.7896,-19.3522,37.4925,-6.1758,-13.7532,22.7515,15.8676,-3.6014,38.537,-4.2179,-15.529,1252.1473,-10.9038,-11.9354,-3.042,4.0113,14.5652,-16.7928,613.1458,57.1731,112.1038,859.5786,823.4305,1522.2534,859.5786,1522.2534,31.7864,81.8171,41.1526,-26.9749,11.9627,513.8657,417.2216,617.0389,513.8657,617.0389,-26.2633,5.8606,-106.3442,-23.978,9.8612,-71.7736,-106.0996,-103.2434,-29.8122,9.8888,-109.3611,1.1539,11.3504,-19.1837,119.7502,69.9316,120.7312,127.4112,71.8694,127.4112,77.3181,55.7125,68.5379,-2.8149,27.6022,33.3902,-18.5479,77.3024,47.128,-2.7979,637.1834,423.0559,637.1834,842.7441,842.7441,-37.4925,-6.1758,-103.7532,-22.7515,15.8676,-93.6014,-102.2226,-101.2005,-3.042,-16.7928,0.4545,0.0836,-12.1613,-12.906,-17.8648,-17.8648,-38.7509,-6.2612,-109.5809,23.5173,33.7978,-15.136,46.8324,824.1038,489.6232,1252.1473,824.1038,1252.1473,-11.3276,-12.429,-2.0805,0.6847
67_5,67,86.9,62.9,63.9992,63.2208,0.844,9.232,100.2442,7.9926,63.9992,2437.6462,-100.9334,100.2442,-51.7281,20.6769,1669.3605,27.3466,5.6967,-19.3212,24.5509,9.1172,17.3584,26.0715,5.559,-17.2312,38.5382,-4.107,-13.6936,18.5482,16.714,-1.9496,38.1257,-5.0751,-12.7502,1231.8658,-11.3214,-11.2894,0.5192,8.5491,15.0431,-13.7591,643.1345,58.6204,101.1315,880.106,615.4803,1669.3605,880.106,1669.3605,30.3828,83.6114,12.8553,-27.7245,-21.23,554.6096,457.0336,631.0085,554.6096,631.0085,-27.3466,5.6967,-109.3212,-24.5509,9.1172,-72.6416,-104.4015,-102.9205,-30.9395,9.1172,-110.6774,3.6147,10.4234,-13.1532,123.1578,67.6936,124.1697,128.6514,76.1192,128.6514,79.9877,54.29,68.6155,-0.5011,26.4625,33.6546,-23.0023,76.8901,46.9636,-3.9554,660.0538,463.2698,660.0538,786.919,786.919,-38.5382,-4.107,-103.6936,-18.5482,16.714,-91.9496,-101.8866,-101.5718,0.5192,-13.7591,-0.7711,-0.7711,-12.3551,-12.0336,-15.0542,-15.0542,-38.5679,-5.1362,-112.1275,30.7067,31.4956,-4.8794,86.8308,777.028,418.923,1231.8658,777.028,1231.8658,-12.0095,-11.519,-0.6471,0.6667
69_1,69,93.1,62.6,64.5402,63.9162,7.8299,-1.0322,106.8839,-1.0682,64.8262,2420.2888,-101.0174,106.8839,-58.6942,21.4471,1698.0919,24.4317,4.7942,-18.8993,23.4901,6.799,28.7233,21.7554,3.4706,-27.1443,21.601,-10.3757,-24.0489,17.4472,12.7328,1.2448,20.6565,-12.2516,-22.2123,1248.675,3.7097,-11.616,-11.0915,7.5157,16.5992,-22.4601,527.4122,47.4228,103.6978,860.0092,667.9059,1698.0919,860.0092,1698.0919,41.6488,79.0475,26.8907,-18.4513,270.5809,488.5069,460.9924,606.8114,516.6869,606.8114,-24.4317,4.7942,-108.8993,-23.4901,6.799,-61.2767,-108.5493,-94.9243,-25.3413,7.5482,-117.145,2.337,10.7135,-7.1744,117.0695,70.2219,102.269,126.3085,83.7341,126.3085,89.7765,41.568,56.9359,-3.4079,21.0522,55.3612,-7.0827,94.5788,1.8684,78.4565,690.4907,450.8883,690.4907,861.9069,861.9069,-21.601,-10.3757,-114.0489,-17.4472,12.7328,-88.7552,-105.928,-95.2577,-11.0915,-22.4601,-1.5123,-4.3809,1.5566,-16.5027,-25.5392,-25.5392,-23.2931,-12.2634,-114.4149,21.3078,32.0574,-5.1129,122.5651,871.4374,570.0468,1248.675,871.4374,1248.675,1.6725,-16.416,-1.3334,0.9009
69_2,69,94.3,67.4,65.5026,64.9964,5.7714,4.137,106.6812,3.5905,65.5026,2428.0457,-100.214,106.6812,-50.9592,21.5792,1731.1328,25.2123,4.1431,-18.401,24.6493,6.928,32.2123,21.5398,3.9173,-30.1325,22.6678,-10.2425,-25.7645,14.3847,12.4515,3.7481,22.0219,-13.482,-24.2897,1209.41,3.2613,-9.8119,-12.8791,11.6223,17.0975,-23.2219,538.1342,45.6931,105.9119,963.4564,687.1823,1731.1328,963.4564,1731.1328,40.549,75.9869,28.4617,-19.4253,332.692,502.5307,481.0877,576.8968,533.8132,576.8968,-25.2123,4.1431,-108.401,-24.6493,6.928,-57.7877,-108.2753,-96.8408,-26.0358,6.928,-120.1428,1.9303,10.923,-6.4765,116.0953,71.778,103.1333,126.0897,84.7231,126.0897,89.9966,37.0783,55.6054,-3.5714,24.9471,52.9593,-8.3821,94.6718,1.5518,106.3092,761.964,461.9686,761.964,876.1677,876.1677,-22.6678,-10.2425,-115.7645,-14.3847,12.4515,-86.2519,-107.6904,-98.6818,-12.8791,-23.2219,-3.6893,-4.4204,0.1268,-18.8761,-26.7978,-26.7978,-23.725,-13.5651,-116.4334,25.3733,28.957,-3.7019,137.7173,900.4054,549.3962,1209.41,900.4054,1209.41,0.1829,-18.3113,-1.0621,1.009
69_3,69,92.8,69.9,67.1437,66.0971,9.7386,4.0648,102.8068,3.4832,69.8654,2445.9851,-98.434,102.8068,-62.2136,21.3882,1603.9529,27.1623,4.824,-11.1879,26.0587,6.0222,29.6452,22.3101,1.8608,-28.806,22.4027,-8.9255,-24.18,17.6626,11.6666,1.1782,20.7456,-12.2504,-23.776,1115.3156,5.2686,-6.2083,-17.8697,9.2771,17.7083,-22.8864,538.9747,50.2508,105.3181,1067.7522,691.9464,1603.9529,1067.7522,1603.9529,42.2042,79.6751,28.652,-16.3813,453.6878,472.2407,447.1981,602.4688,525.5631,602.4688,-27.1623,4.824,-101.1879,-26.0587,6.0222,-60.3548,-108.068,-92.9265,-27.3259,6.8292,-118.8067,0.837,9.8755,-6.0151,113.8129,71.2245,99.4702,126.6343,87.4919,126.6343,89.5459,43.8964,59.3542,-4.2688,22.4841,58.5768,-8.6851,98.2396,4.8904,171.2922,692.867,455.1794,692.867,832.563,832.563,-22.4027,-8.9255,-114.18,-17.6626,11.6666,-88.8218,-108.6417,-95.1259,-17.8697,-22.8864,-4.0315,-5.4334,2.0846,-15.3017,-27.5914,-27.5914,-23.2128,-12.3494,-116.2044,22.1231,32.9078,-4.3417,180.1655,763.0821,431.8168,1115.3156,763.0821,1115.3156,2.1264,-14.9493,-0.7849,0.9369
69_4,69,96.5,68.0,64.5595,63.8415,8.9004,1.5306,100.7478,1.3175,64.7597,2453.4509,-99.0617,100.7478,-50.7962,21.4226,1722.0182,26.2623,4.8379,-16.6573,24.0311,7.8567,31.8464,21.9352,3.0913,-30.691,21.9213,-8.2625,-25.1991,14.5218,17.3553,5.1598,20.0748,-11.039,-27.9094,1218.704,5.023,-7.8839,-13.5159,11.9591,19.7492,-19.7979,538.134,51.1712,105.4328,1078.5508,710.7318,1722.0182,1078.5508,1722.0182,40.4016,76.0507,27.6148,-17.5383,425.2751,484.4687,449.8238,579.5093,520.696,579.5093,-26.2623,4.8379,-106.6573,-24.0311,7.8567,-58.1536,-107.7797,-93.7251,-27.0338,7.8567,-120.714,3.6696,12.1146,-8.7044,117.5612,71.6784,102.9446,127.0554,89.2646,127.0554,92.1666,38.8793,57.9726,-4.7704,18.732,50.408,-8.0502,96.3871,4.8918,161.8199,732.406,446.4994,732.406,809.8145,809.8145,-21.9213,-8.2625,-115.1991,-14.5218,17.3553,-84.8402,-106.8799,-96.2806,-13.5159,-19.7979,-3.897,-4.8599,2.3504,-16.9336,-25.6058,-25.6058,-23.1981,-12.0562,-119.3052,25.8773,34.4037,-4.2633,167.9501,987.1355,541.1658,1218.704,987.1355,1218.704,2.3993,-14.1351,-2.778,0.8633
69_5,69,94.0,68.6,66.9887,66.7896,-0.9482,-2.1661,102.234,-1.9592,66.9887,2406.8674,-102.2444,102.234,-53.6273,21.4502,1587.04,24.4445,2.9953,-20.0646,26.7522,4.2414,28.9752,21.7552,2.2727,-26.0219,20.1566,-10.0764,-24.6864,16.5041,10.0845,-1.609,19.5839,-11.0106,-24.2843,1177.467,4.8445,-9.9473,-9.6847,10.0008,18.958,-24.7795,541.8696,50.5352,108.0258,979.0469,709.2592,1587.04,979.0469,1587.04,44.5516,76.7964,24.8769,-18.5228,252.5358,464.1273,460.3937,559.1072,511.9069,559.1072,-24.4445,2.9953,-110.0646,-26.7522,4.2414,-61.0248,-107.3046,-92.2957,-26.7522,5.8108,-116.0235,0.2894,9.2461,-6.1406,118.6393,73.7603,99.1544,127.1355,81.5699,127.1355,89.5872,43.8097,58.8593,-2.2128,15.1341,63.4937,-8.0796,95.4864,8.96,25.7972,626.3497,456.9824,626.3497,811.9351,811.9351,-20.1566,-10.0764,-114.6864,-16.5041,10.0845,-91.609,-106.4095,-95.9056,-9.6847,-24.7795,-3.3332,-6.0193,2.634,-13.9941,-27.3634,-27.3634,-21.6961,-11.571,-114.6944,20.6034,29.4152,-7.8152,114.5711,662.1982,404.0563,1177.467,662.1982,1177.467,2.6895,-12.9696,-3.3839,0.8469
81_1,81,90.8,68.9,63.2635,62.912,-2.5622,4.704,126.598,4.3128,65.3704,2267.4697,-96.8969,126.598,-74.791,23.4548,1718.7792,25.996,6.1735,-22.0555,28.3877,5.7953,-16.3169,25.9274,6.1594,-22.0573,30.7363,-7.9965,-18.8633,30.5976,-5.2361,-17.1529,30.6968,-8.1162,-18.8472,1018.2549,-4.2659,-14.1271,-3.4106,-1.7202,-9.2818,-6.0229,622.6332,21.2592,101.5383,219.7195,1007.2296,1718.7792,376.2399,1718.7792,46.5659,95.4936,26.3084,-5.544,5.556,236.3854,725.3965,746.8394,236.3854,746.8394,-25.996,6.1735,-112.0555,-28.3877,5.7953,-106.3169,-95.3188,-85.3325,-28.3877,11.2144,-112.0573,-0.5332,12.2075,3.4418,126.4605,74.7976,124.0032,134.3765,94.7964,134.3765,94.7964,58.2059,59.4725,-5.8843,51.0041,75.5457,-24.6932,77.0,32.8068,17.2556,140.4084,754.1719,140.4084,836.2386,836.2386,-30.7363,-7.9965,-108.8633,-30.5976,-5.2361,-107.1529,-92.0069,-90.2482,-3.4106,-6.0229,-4.8364,-7.6576,-4.2975,-20.3334,-8.3595,-19.5951,-30.8962,-10.5895,-108.9106,19.6518,22.7278,4.1292,164.6519,199.366,807.7131,1018.2549,200.8931,1018.2549,-4.2861,-14.2335,-3.4253,1.2252
81_2,81,91.9,72.0,67.9466,67.4701,-3.6885,5.5104,124.2827,4.4744,67.9466,2266.7676,-97.3881,124.2827,-73.7518,25.0143,1690.2126,27.1345,9.4964,-16.936,25.8844,7.8752,19.9131,27.6081,8.0263,-18.6139,32.0469,-9.7534,-13.6892,22.3292,8.343,3.4081,31.8164,-8.376,-15.925,935.0223,-3.9077,-18.5799,-6.0912,4.9248,7.7621,-14.4221,637.8326,20.9722,100.9334,816.2922,944.341,1690.2126,816.2922,1690.2126,42.4847,96.716,27.6694,-4.0855,-70.4154,645.9128,711.6985,763.034,645.9128,763.034,-27.1345,9.4964,-106.936,-25.8844,7.8752,-70.0869,-94.5144,-86.5294,-28.0442,12.0713,-108.6866,1.4892,12.0713,1.4975,126.2336,72.4546,114.2137,132.1375,91.6516,132.1375,91.6516,51.5428,67.0461,3.785,27.4385,58.5986,-24.6517,75.5796,33.6269,-42.4627,610.2023,723.8827,610.2023,858.027,858.027,-32.0469,-9.7534,-103.6892,-22.3292,8.343,-86.5919,-91.3552,-90.2666,-6.0912,-14.4221,-4.3247,-6.3075,-4.0141,-20.3849,-14.4221,-14.6256,-32.1166,-9.9609,-105.9982,18.5009,23.9757,-1.9304,102.135,582.6354,695.3483,935.0223,582.6354,935.0223,-3.4604,-15.7599,-5.3431,1.205
81_3,81,96.8,75.1,68.9835,68.133,4.0285,7.9309,123.2034,6.6721,69.0888,2416.8872,-100.3012,123.2034,-57.7759,25.2288,1860.2767,26.9891,8.7042,-17.8189,25.5919,9.1633,19.5234,27.2146,8.2998,-18.1933,31.6728,-9.3085,-15.0884,23.9919,9.2541,3.8782,31.7004,-8.7337,-15.9213,1052.2783,-3.7706,-17.262,-5.9146,3.2887,6.9783,-13.7997,629.7287,21.2229,104.9316,847.1117,796.4416,1860.2767,847.1117,1860.2767,42.8172,97.1943,27.8886,-10.4621,-45.5536,650.3743,607.162,803.5031,650.3743,803.5031,-26.9891,8.7042,-107.8189,-25.5919,9.1633,-70.4766,-95.5354,-84.6522,-28.0701,11.8349,-108.211,4.1474,12.713,5.6362,130.2309,-11.6264,124.2791,136.0408,25.7767,136.0408,133.6776,54.4647,67.7761,-0.0829,25.409,53.7597,-20.3102,75.7823,41.0814,-35.9995,693.1007,600.5233,693.1007,918.5385,918.5385,-31.6728,-9.3085,-105.0884,-23.9919,9.2541,-86.1218,-91.9182,-90.4151,-5.9146,-13.7997,-3.7563,-7.5174,-3.8044,-18.9342,-13.9644,-13.9644,-31.7098,-9.4114,-106.1425,19.0645,26.772,5.738,122.1557,767.5502,662.3559,1052.2783,767.5502,1052.2783,-3.6375,-16.1608,-5.9191,1.0811
81_4,81,91.7,75.3,69.4573,67.8296,7.4502,11.3525,123.9119,9.3785,70.2928,2456.4019,-94.1202,123.9119,-63.8745,24.8149,1782.621,25.745,5.8129,-24.2382,25.118,5.6401,-23.3581,26.9663,6.086,-24.7456,31.7338,-8.5811,-19.5896,31.2644,-8.7103,-19.5397,32.342,-8.5508,-19.6887,1021.9205,-5.5979,-14.9787,-2.1176,-5.6997,-14.6076,-2.6959,632.8016,20.9089,100.2961,74.1155,981.9332,1782.621,357.9379,1782.621,32.7415,94.1838,30.7358,-4.2617,-37.6255,-65.0757,756.8278,756.8278,2.9946,756.8278,-25.745,5.8129,-114.2382,-25.118,5.6401,-113.3581,-91.045,-81.6899,-26.3091,13.4323,-113.3581,0.6144,13.4323,4.6957,125.3701,75.7018,125.6968,132.8868,88.7807,132.8868,88.7807,54.437,58.0181,-7.2038,51.1347,73.9492,-21.6365,73.9492,32.3789,0.1776,2.3444,775.937,2.3444,884.1287,884.1287,-31.7338,-8.5811,-109.5896,-31.2644,-8.7103,-109.5397,-91.821,-90.1634,-2.1176,-2.6959,-8.0211,-10.8275,-5.6997,-20.3715,-10.0347,-17.5146,-31.2644,-9.9019,-109.5397,17.786,27.234,4.0238,92.9835,83.597,845.6548,1021.9205,83.597,1021.9205,-4.9696,-15.33,-2.1844,1.1151
81_5,81,91.2,72.0,66.4456,66.2149,-2.3029,-0.6796,128.4945,-0.4966,67.7032,2334.551,-94.6631,128.4945,-66.4703,24.6181,1720.2427,25.5783,4.9484,-24.1137,28.4397,4.0729,-21.1488,26.1572,4.4638,-24.4773,31.1655,-9.9335,-19.0397,32.2874,-8.694,-18.9416,31.5734,-9.7303,-19.4124,1070.3651,-5.1015,-15.6044,-1.9142,-3.3098,-12.2553,-4.2015,609.0538,16.2899,100.9804,186.0202,907.4624,1720.2427,321.9027,1720.2427,41.9591,93.8848,26.272,-7.0624,-62.3627,165.3113,765.3605,804.3005,165.3113,804.3005,-25.5783,4.9484,-114.1137,-28.4397,4.0729,-111.1488,-92.2244,-86.176,-28.4397,10.5623,-114.5181,-1.1908,13.8605,-1.2088,125.526,71.535,122.8942,134.1624,89.0016,134.1624,89.0016,61.6947,61.6947,6.1624,33.7101,76.7836,-21.3911,77.0671,29.4417,-25.2749,59.9146,772.0697,59.9146,926.0627,926.0627,-31.1655,-9.9335,-109.0397,-32.2874,-8.694,-108.9416,-90.8914,-89.9852,-1.9142,-4.2015,-4.792,-7.1302,-5.1026,-18.476,-6.6132,-14.9141,-32.2874,-10.1906,-109.4246,13.4419,29.8867,0.0404,114.576,191.6482,813.1112,1070.3651,191.6482,1070.3651,-4.9471,-14.966,-1.7758,1.2073
