session_swing,session_mass_lbs,session_height_in,athlete_age,highest_playing_level,hitter_side,bat_weight_oz,bat_length_in,bat_speed_mph_max_x,blast_bat_speed_mph_x,exit_velo_mph_x,user,session
6_1,209.0,72.0,23,milb,R,31.0,34.0,66.9317,67.0,,000005,000006
6_2,209.0,72.0,23,milb,R,31.0,34.0,67.5289,72.5,,000005,000006
6_3,209.0,72.0,23,milb,R,31.0,34.0,68.2407,68.6,,000005,000006
6_4,209.0,72.0,23,milb,R,31.0,34.0,67.5669,70.5,,000005,000006
6_5,209.0,72.0,23,milb,R,31.0,34.0,68.0812,68.2,,000005,000006
8_1,197.0,73.0,25,milb,L,31.5,34.0,65.0445,,94.2,000174,000008
8_2,197.0,73.0,25,milb,L,31.5,34.0,66.4028,,94.7,000174,000008
8_3,197.0,73.0,25,milb,L,31.5,34.0,66.337,,97.0,000174,000008
8_4,197.0,73.0,25,milb,L,31.5,34.0,68.7712,,97.1,000174,000008
8_5,197.0,73.0,25,milb,L,31.5,34.0,70.3682,,95.3,000174,000008
17_1,179.0,67.0,21,milb,R,31.0,34.0,70.5241,73.2,96.5,000059,000017
17_2,179.0,67.0,21,milb,R,31.0,34.0,67.4617,72.8,97.0,000059,000017
17_3,179.0,67.0,21,milb,R,31.0,34.0,68.4308,73.3,97.4,000059,000017
17_4,179.0,67.0,21,milb,R,31.0,34.0,69.7295,72.7,98.2,000059,000017
17_5,179.0,67.0,21,milb,R,31.0,34.0,69.4476,72.8,97.8,000059,000017
21_1,197.0,68.0,21,college,R,30.0,33.0,66.0905,67.4,84.2,000092,000021
21_2,197.0,68.0,21,college,R,30.0,33.0,62.4813,48.1,85.8,000092,000021
21_3,197.0,68.0,21,college,R,30.0,33.0,68.7228,68.4,86.5,000092,000021
21_4,197.0,68.0,21,college,R,30.0,33.0,68.1827,68.9,90.3,000092,000021
21_5,197.0,68.0,21,college,R,30.0,33.0,64.1874,71.1,83.1,000092,000021
23_1,158.0,70.0,20,college,L,30.0,33.0,58.7368,59.7,82.1,000109,000023
23_2,158.0,70.0,20,college,L,30.0,33.0,60.8459,60.7,82.5,000109,000023
23_3,158.0,70.0,20,college,L,30.0,33.0,59.8086,59.8,80.2,000109,000023
23_4,158.0,70.0,20,college,L,30.0,33.0,60.2192,61.0,79.4,000109,000023
23_5,158.0,70.0,20,college,L,30.0,33.0,59.554,60.9,84.5,000109,000023
24_1,212.0,73.0,19,college,R,31.0,34.0,68.4138,71.0,95.5,000116,000024
24_2,212.0,73.0,19,college,R,31.0,34.0,67.8255,71.7,95.5,000116,000024
24_3,212.0,73.0,19,college,R,31.0,34.0,67.8871,74.5,92.4,000116,000024
24_4,212.0,73.0,19,college,R,31.0,34.0,68.6049,69.7,92.5,000116,000024
24_5,212.0,73.0,19,college,R,31.0,34.0,68.6981,71.1,98.8,000116,000024
25_1,148.0,68.0,19,college,R,30.0,33.0,57.6494,63.8,80.9,000123,000025
25_2,148.0,68.0,19,college,R,30.0,33.0,57.9052,64.5,81.2,000123,000025
25_3,148.0,68.0,19,college,R,30.0,33.0,57.1854,62.6,78.8,000123,000025
25_4,148.0,68.0,19,college,R,30.0,33.0,57.0072,66.9,82.5,000123,000025
25_5,148.0,68.0,19,college,R,30.0,33.0,55.7922,71.7,80.0,000123,000025
33_1,190.0,72.0,24,college,R,31.0,34.0,67.8606,71.2,96.1,000139,000033
33_2,190.0,72.0,24,college,R,31.0,34.0,64.7291,,90.1,000139,000033
33_3,190.0,72.0,24,college,R,31.0,34.0,67.5595,69.7,90.5,000139,000033
33_4,190.0,72.0,24,college,R,31.0,34.0,68.8345,67.3,89.1,000139,000033
33_5,190.0,72.0,24,college,R,31.0,34.0,67.3466,67.9,93.0,000139,000033
36_1,194.0,74.0,20,college,L,30.0,33.0,69.8842,72.5,95.4,000142,000036
36_2,194.0,74.0,20,college,L,30.0,33.0,69.1246,72.1,96.0,000142,000036
36_3,194.0,74.0,20,college,L,30.0,33.0,72.5922,75.2,97.9,000142,000036
36_4,194.0,74.0,20,college,L,30.0,33.0,72.4115,72.9,93.8,000142,000036
36_5,194.0,74.0,20,college,L,30.0,33.0,72.1136,74.4,93.9,000142,000036
42_1,213.0,76.0,23,college,R,31.0,34.0,79.8418,79.4,103.9,000145,000042
42_2,213.0,76.0,23,college,R,31.0,34.0,79.2,79.4,101.8,000145,000042
42_3,213.0,76.0,23,college,R,31.0,34.0,76.5585,78.0,104.8,000145,000042
42_4,213.0,76.0,23,college,R,31.0,34.0,79.5106,70.8,98.2,000145,000042
42_5,213.0,76.0,23,college,R,31.0,34.0,80.8545,80.8,104.8,000145,000042
43_1,196.0,70.0,20,college,R,30.0,33.0,65.4436,72.7,91.6,000146,000043
43_2,196.0,70.0,20,college,R,30.0,33.0,66.2155,68.7,88.1,000146,000043
43_3,196.0,70.0,20,college,R,30.0,33.0,64.0936,67.4,89.8,000146,000043
43_4,196.0,70.0,20,college,R,30.0,33.0,65.2047,67.6,91.7,000146,000043
45_1,188.0,70.0,18,college,R,30.0,33.0,64.2132,69.4,87.3,000147,000045
45_2,188.0,70.0,18,college,R,30.0,33.0,65.9396,68.3,91.6,000147,000045
45_3,188.0,70.0,18,college,R,30.0,33.0,66.0369,69.5,93.6,000147,000045
45_4,188.0,70.0,18,college,R,30.0,33.0,66.9204,69.1,85.9,000147,000045
45_5,188.0,70.0,18,college,R,30.0,33.0,66.2525,71.9,90.3,000147,000045
47_1,152.0,68.0,19,college,R,30.0,33.0,62.287,59.3,88.1,000149,000047
47_2,152.0,68.0,19,college,R,30.0,33.0,63.2143,58.8,86.5,000149,000047
47_3,152.0,68.0,19,college,R,30.0,33.0,57.8982,56.9,86.3,000149,000047
47_4,152.0,68.0,19,college,R,30.0,33.0,60.9174,59.1,85.7,000149,000047
47_5,152.0,68.0,19,college,R,30.0,33.0,64.1223,61.0,88.1,000149,000047
48_1,174.0,68.0,22,college,R,31.0,34.0,60.8149,68.6,95.8,000150,000048
48_2,174.0,68.0,22,college,R,31.0,34.0,74.0229,66.1,97.4,000150,000048
48_3,174.0,68.0,22,college,R,31.0,34.0,73.4156,71.7,96.8,000150,000048
48_4,174.0,68.0,22,college,R,31.0,34.0,69.3275,67.3,95.5,000150,000048
48_5,174.0,68.0,22,college,R,31.0,34.0,68.8375,70.5,93.4,000150,000048
51_1,173.0,69.0,19,college,L,30.0,33.0,56.5657,63.4,82.0,000151,000051
51_2,173.0,69.0,19,college,L,30.0,33.0,56.9455,62.8,81.5,000151,000051
51_3,173.0,69.0,19,college,L,30.0,33.0,55.805,61.8,80.3,000151,000051
51_4,173.0,69.0,19,college,L,30.0,33.0,57.6903,62.1,81.0,000151,000051
51_5,173.0,69.0,19,college,L,30.0,33.0,56.7284,61.8,78.9,000151,000051
56_1,187.0,71.0,20,college,L,31.0,34.0,71.3822,70.2,90.5,000152,000056
56_2,187.0,71.0,20,college,L,31.0,34.0,69.2423,71.1,96.1,000152,000056
56_3,187.0,71.0,20,college,L,31.0,34.0,74.1675,70.2,95.2,000152,000056
56_4,187.0,71.0,20,college,L,31.0,34.0,72.1336,71.8,94.0,000152,000056
56_5,187.0,71.0,20,college,L,31.0,34.0,73.9687,74.1,91.4,000152,000056
59_1,210.0,76.0,22,college,R,31.0,34.0,65.4892,60.0,89.6,000157,000059
59_2,210.0,76.0,22,college,R,31.0,34.0,61.5046,67.4,88.6,000157,000059
59_3,210.0,76.0,22,college,R,31.0,34.0,61.4768,66.0,91.6,000157,000059
59_4,210.0,76.0,22,college,R,31.0,34.0,67.8471,67.0,92.6,000157,000059
59_5,210.0,76.0,22,college,R,31.0,34.0,62.6485,63.1,90.5,000157,000059
67_1,224.0,70.0,18,high_school,R,30.0,33.0,59.8084,59.8,85.0,000162,000067
67_2,224.0,70.0,18,high_school,R,30.0,33.0,65.4589,66.8,86.8,000162,000067
67_3,224.0,70.0,18,high_school,R,30.0,33.0,62.7887,63.6,83.1,000162,000067
67_4,224.0,70.0,18,high_school,R,30.0,33.0,62.396,62.2,84.4,000162,000067
67_5,224.0,70.0,18,high_school,R,30.0,33.0,63.9992,62.9,86.9,000162,000067
68_1,218.0,74.0,21,college,R,31.0,34.0,71.874,73.8,98.2,000163,000068
68_2,218.0,74.0,21,college,R,31.0,34.0,70.3116,72.2,97.4,000163,000068
68_3,218.0,74.0,21,college,R,31.0,34.0,72.4937,73.1,98.6,000163,000068
68_4,218.0,74.0,21,college,R,31.0,34.0,73.4984,69.9,99.7,000163,000068
68_5,218.0,74.0,21,college,R,31.0,34.0,75.1569,78.4,99.5,000163,000068
69_1,201.0,73.0,19,college,R,31.0,34.0,64.8262,62.6,93.1,000164,000069
69_2,201.0,73.0,19,college,R,31.0,34.0,65.5026,67.4,94.3,000164,000069
69_3,201.0,73.0,19,college,R,31.0,34.0,69.8654,69.9,92.8,000164,000069
69_4,201.0,73.0,19,college,R,31.0,34.0,64.7597,68.0,96.5,000164,000069
69_5,201.0,73.0,19,college,R,31.0,34.0,66.9887,68.6,94.0,000164,000069
72_1,187.0,70.0,19,college,R,30.0,33.0,61.6612,60.4,81.9,000008,000072
72_2,187.0,70.0,19,college,R,30.0,33.0,60.6199,64.7,82.7,000008,000072
72_3,187.0,70.0,19,college,R,30.0,33.0,52.8558,,79.8,000008,000072
72_4,187.0,70.0,19,college,R,30.0,33.0,59.8451,57.4,80.5,000008,000072
72_5,187.0,70.0,19,college,R,30.0,33.0,57.2506,56.4,78.0,000008,000072
73_1,147.0,71.0,17,high_school,R,30.0,33.0,56.4365,58.1,76.0,000167,000073
73_2,147.0,71.0,17,high_school,R,30.0,33.0,55.9183,57.5,78.7,000167,000073
73_3,147.0,71.0,17,high_school,R,30.0,33.0,54.0463,49.9,81.9,000167,000073
73_4,147.0,71.0,17,high_school,R,30.0,33.0,54.9402,53.5,76.4,000167,000073
73_5,147.0,71.0,17,high_school,R,30.0,33.0,55.8053,53.9,80.1,000167,000073
81_1,197.0,71.0,19,college,R,30.0,33.0,65.3704,68.9,90.8,000176,000081
81_2,197.0,71.0,19,college,R,30.0,33.0,67.9466,72.0,91.9,000176,000081
81_3,197.0,71.0,19,college,R,30.0,33.0,69.0888,75.1,96.8,000176,000081
81_4,197.0,71.0,19,college,R,30.0,33.0,70.2928,75.3,91.7,000176,000081
81_5,197.0,71.0,19,college,R,30.0,33.0,67.7032,72.0,91.2,000176,000081
84_1,198.0,74.0,24,independent,L,31.0,34.0,71.5208,75.9,95.0,000177,000084
84_2,198.0,74.0,24,independent,L,31.0,34.0,70.2543,71.1,95.7,000177,000084
84_3,198.0,74.0,24,independent,L,31.0,34.0,69.3481,69.6,93.2,000177,000084
84_4,198.0,74.0,24,independent,L,31.0,34.0,70.0833,71.7,91.3,000177,000084
84_5,198.0,74.0,24,independent,L,31.0,34.0,71.2026,71.4,96.5,000177,000084
86_1,228.0,74.0,21,college,R,31.0,34.0,67.4661,61.5,91.7,000178,000086
86_2,228.0,74.0,21,college,R,31.0,34.0,70.7922,69.0,96.8,000178,000086
86_3,228.0,74.0,21,college,R,31.0,34.0,72.8335,68.4,97.9,000178,000086
86_4,228.0,74.0,21,college,R,31.0,34.0,71.1357,67.7,92.5,000178,000086
86_5,228.0,74.0,21,college,R,31.0,34.0,74.6894,71.6,100.4,000178,000086
89_1,207.0,74.0,22,milb,R,31.0,34.0,74.0327,74.5,95.1,000179,000089
89_2,207.0,74.0,22,milb,R,31.0,34.0,73.3095,78.0,97.5,000179,000089
89_3,207.0,74.0,22,milb,R,31.0,34.0,72.5907,72.6,96.1,000179,000089
89_4,207.0,74.0,22,milb,R,31.0,34.0,73.3997,76.5,94.0,000179,000089
89_5,207.0,74.0,22,milb,R,31.0,34.0,72.8765,72.2,93.7,000179,000089
103_1,236.0,75.0,18,high_school,R,31.0,34.0,69.2154,66.8,97.2,000004,000103
103_2,236.0,75.0,18,high_school,R,31.0,34.0,66.0435,65.0,88.8,000004,000103
103_3,236.0,75.0,18,high_school,R,31.0,34.0,65.0387,69.2,88.9,000004,000103
103_4,236.0,75.0,18,high_school,R,31.0,34.0,60.9263,58.5,83.1,000004,000103
103_5,236.0,75.0,18,high_school,R,31.0,34.0,66.0698,68.2,91.6,000004,000103
111_1,173.0,67.0,25,college,L,30.0,33.0,62.8316,64.4,81.7,000010,000111
111_2,173.0,67.0,25,college,L,30.0,33.0,64.4307,62.0,79.3,000010,000111
111_3,173.0,67.0,25,college,L,30.0,33.0,60.9335,57.5,79.2,000010,000111
111_4,173.0,67.0,25,college,L,30.0,33.0,62.3658,63.6,83.8,000010,000111
111_5,173.0,67.0,25,college,L,30.0,33.0,62.0994,64.2,74.8,000010,000111
111_6,173.0,67.0,25,college,L,30.0,33.0,65.8984,65.4,86.8,000010,000111
111_7,173.0,67.0,25,college,L,30.0,33.0,66.1865,68.5,81.3,000010,000111
111_8,173.0,67.0,25,college,L,30.0,33.0,64.8073,65.2,87.8,000010,000111
121_1,189.0,71.0,19,college,R,30.0,33.0,69.4883,83.4,95.6,000022,000121
121_2,189.0,71.0,19,college,R,30.0,33.0,66.8883,73.8,92.2,000022,000121
121_3,189.0,71.0,19,college,R,30.0,33.0,67.3292,76.7,89.8,000022,000121
121_4,189.0,71.0,19,college,R,30.0,33.0,70.4725,80.0,99.2,000022,000121
121_5,189.0,71.0,19,college,R,30.0,33.0,70.7974,85.0,92.8,000022,000121
121_6,189.0,71.0,19,college,R,30.0,33.0,74.103,87.3,101.8,000022,000121
121_7,189.0,71.0,19,college,R,30.0,33.0,71.4564,77.0,91.7,000022,000121
121_8,189.0,71.0,19,college,R,30.0,33.0,71.9167,,96.1,000022,000121
123_1,140.0,63.0,21,college,R,29.0,32.0,55.4608,59.0,74.6,000009,000123
123_2,140.0,63.0,21,college,R,29.0,32.0,51.726,57.9,75.4,000009,000123
123_3,140.0,63.0,21,college,R,29.0,32.0,53.0681,56.6,76.1,000009,000123
123_4,140.0,63.0,21,college,R,29.0,32.0,54.0188,60.9,82.1,000009,000123
123_5,140.0,63.0,21,college,R,29.0,32.0,53.9154,56.4,74.5,000009,000123
123_6,140.0,63.0,21,college,R,29.0,32.0,51.3863,52.2,74.1,000009,000123
123_7,140.0,63.0,21,college,R,29.0,32.0,52.732,51.9,73.2,000009,000123
123_8,140.0,63.0,21,college,R,29.0,32.0,54.8351,58.5,57.1,000009,000123
123_9,140.0,63.0,21,college,R,29.0,32.0,54.2957,53.7,78.7,000009,000123
125_1,209.0,71.0,19,college,L,30.0,33.0,70.5564,68.1,85.2,000024,000125
125_2,209.0,71.0,19,college,L,30.0,33.0,68.1518,66.1,90.0,000024,000125
125_3,209.0,71.0,19,college,L,30.0,33.0,65.2957,66.4,90.3,000024,000125
125_4,209.0,71.0,19,college,L,30.0,33.0,67.8211,66.0,98.1,000024,000125
125_5,209.0,71.0,19,college,L,30.0,33.0,73.671,70.1,93.9,000024,000125
125_6,209.0,71.0,19,college,L,30.0,33.0,69.1993,68.7,86.3,000024,000125
125_7,209.0,71.0,19,college,L,30.0,33.0,67.4599,73.3,89.3,000024,000125
140_1,178.0,70.0,22,college,R,31.0,34.0,65.8156,72.1,93.2,000037,000140
140_2,178.0,70.0,22,college,R,31.0,34.0,65.8513,67.3,93.9,000037,000140
140_3,178.0,70.0,22,college,R,31.0,34.0,68.1171,72.8,92.8,000037,000140
140_4,178.0,70.0,22,college,R,31.0,34.0,68.9085,72.6,90.6,000037,000140
140_5,178.0,70.0,22,college,R,31.0,34.0,66.9716,70.9,90.8,000037,000140
140_6,178.0,70.0,22,college,R,31.0,34.0,70.6165,70.4,90.4,000037,000140
140_7,178.0,70.0,22,college,R,31.0,34.0,67.7413,77.5,92.4,000037,000140
140_8,178.0,70.0,22,college,R,31.0,34.0,69.8687,66.7,89.4,000037,000140
160_1,155.0,64.0,20,college,R,30.0,33.0,58.9162,62.1,75.2,000051,000160
160_2,155.0,64.0,20,college,R,30.0,33.0,58.7089,60.9,75.6,000051,000160
160_3,155.0,64.0,20,college,R,30.0,33.0,60.7297,62.1,84.7,000051,000160
160_4,155.0,64.0,20,college,R,30.0,33.0,59.5475,57.9,81.4,000051,000160
160_5,155.0,64.0,20,college,R,30.0,33.0,59.924,61.4,81.9,000051,000160
160_6,155.0,64.0,20,college,R,30.0,33.0,55.8131,59.2,80.5,000051,000160
160_7,155.0,64.0,20,college,R,30.0,33.0,62.8402,62.5,86.4,000051,000160
160_8,155.0,64.0,20,college,R,30.0,33.0,60.3778,60.1,75.9,000051,000160
164_1,226.0,76.0,19,independent,L,30.0,33.0,72.0429,,96.5,000054,000164
164_2,226.0,76.0,19,independent,L,30.0,33.0,69.869,69.9,91.2,000054,000164
164_3,226.0,76.0,19,independent,L,30.0,33.0,73.8753,77.7,94.1,000054,000164
164_4,226.0,76.0,19,independent,L,30.0,33.0,69.4392,69.9,89.7,000054,000164
164_5,226.0,76.0,19,independent,L,30.0,33.0,73.9805,77.2,104.2,000054,000164
164_6,226.0,76.0,19,independent,L,30.0,33.0,69.7295,74.5,98.6,000054,000164
164_7,226.0,76.0,19,independent,L,30.0,33.0,69.2243,69.8,91.9,000054,000164
164_8,226.0,76.0,19,independent,L,30.0,33.0,74.9375,75.9,89.7,000054,000164
164_9,226.0,76.0,19,independent,L,30.0,33.0,76.6637,75.2,99.9,000054,000164
167_1,194.0,72.0,17,college,R,31.0,34.0,73.0392,74.0,95.8,000056,000167
167_2,194.0,72.0,17,college,R,31.0,34.0,73.5162,80.2,87.3,000056,000167
167_3,194.0,72.0,17,college,R,31.0,34.0,73.5834,72.7,97.8,000056,000167
167_4,194.0,72.0,17,college,R,31.0,34.0,75.0576,76.2,90.4,000056,000167
167_5,194.0,72.0,17,college,R,31.0,34.0,73.8101,76.8,94.5,000056,000167
167_6,194.0,72.0,17,college,R,31.0,34.0,71.0143,75.7,89.1,000056,000167
167_7,194.0,72.0,17,college,R,31.0,34.0,76.147,75.7,97.5,000056,000167
167_8,194.0,72.0,17,college,R,31.0,34.0,71.9658,73.9,97.2,000056,000167
174_1,169.0,70.0,18,high_school,R,30.0,33.0,65.8157,63.6,81.1,000019,000174
174_2,169.0,70.0,18,high_school,R,30.0,33.0,60.6736,65.6,79.7,000019,000174
174_3,169.0,70.0,18,high_school,R,30.0,33.0,62.855,63.9,78.9,000019,000174
174_4,169.0,70.0,18,high_school,R,30.0,33.0,63.0783,65.5,77.0,000019,000174
174_5,169.0,70.0,18,high_school,R,30.0,33.0,59.4919,60.0,76.9,000019,000174
174_6,169.0,70.0,18,high_school,R,30.0,33.0,62.809,65.2,77.4,000019,000174
174_7,169.0,70.0,18,high_school,R,30.0,33.0,61.0525,64.1,87.2,000019,000174
174_8,169.0,70.0,18,high_school,R,30.0,33.0,62.502,68.1,77.8,000019,000174
178_1,175.0,71.0,18,college,R,30.0,33.0,58.397,60.1,76.9,000064,000178
178_2,175.0,71.0,18,college,R,30.0,33.0,59.1322,61.1,77.3,000064,000178
178_3,175.0,71.0,18,college,R,30.0,33.0,62.9897,62.7,72.8,000064,000178
178_4,175.0,71.0,18,college,R,30.0,33.0,62.0208,61.4,84.3,000064,000178
178_5,175.0,71.0,18,college,R,30.0,33.0,57.2604,61.4,79.6,000064,000178
178_6,175.0,71.0,18,college,R,30.0,33.0,60.0856,59.7,84.5,000064,000178
178_7,175.0,71.0,18,college,R,30.0,33.0,59.4885,61.3,80.1,000064,000178
178_8,175.0,71.0,18,college,R,30.0,33.0,60.0741,54.5,75.0,000064,000178
179_1,205.0,72.0,21,college,R,31.0,34.0,75.3783,68.2,101.2,000065,000179
179_2,205.0,72.0,21,college,R,31.0,34.0,72.5433,73.1,93.7,000065,000179
179_3,205.0,72.0,21,college,R,31.0,34.0,74.9458,71.7,95.5,000065,000179
179_4,205.0,72.0,21,college,R,31.0,34.0,74.3123,70.2,93.0,000065,000179
179_5,205.0,72.0,21,college,R,31.0,34.0,76.4045,75.5,92.4,000065,000179
179_6,205.0,72.0,21,college,R,31.0,34.0,75.5484,76.9,98.7,000065,000179
179_7,205.0,72.0,21,college,R,31.0,34.0,75.8069,79.4,106.7,000065,000179
180_1,179.0,71.0,21,college,R,30.0,33.0,63.0226,,89.9,000067,000180
180_2,179.0,71.0,21,college,R,30.0,33.0,66.6155,66.1,83.7,000067,000180
180_3,179.0,71.0,21,college,R,30.0,33.0,61.812,66.1,89.5,000067,000180
180_4,179.0,71.0,21,college,R,30.0,33.0,66.6869,65.7,96.4,000067,000180
180_5,179.0,71.0,21,college,R,30.0,33.0,65.2609,66.8,85.2,000067,000180
180_6,179.0,71.0,21,college,R,30.0,33.0,65.8067,66.5,89.3,000067,000180
180_7,179.0,71.0,21,college,R,30.0,33.0,63.4928,46.1,86.8,000067,000180
180_8,179.0,71.0,21,college,R,30.0,33.0,66.7986,65.2,83.8,000067,000180
181_1,152.0,69.0,20,college,R,30.0,33.0,61.3805,63.4,86.3,000068,000181
181_2,152.0,69.0,20,college,R,30.0,33.0,59.5611,64.3,87.9,000068,000181
181_3,152.0,69.0,20,college,R,30.0,33.0,60.8011,62.4,85.2,000068,000181
181_4,152.0,69.0,20,college,R,30.0,33.0,61.3563,59.3,88.3,000068,000181
181_5,152.0,69.0,20,college,R,30.0,33.0,61.7012,65.0,84.7,000068,000181
181_6,152.0,69.0,20,college,R,30.0,33.0,63.172,63.6,88.5,000068,000181
181_7,152.0,69.0,20,college,R,30.0,33.0,61.5163,62.5,91.8,000068,000181
181_8,152.0,69.0,20,college,R,30.0,33.0,62.3225,63.5,89.0,000068,000181
185_1,186.0,70.0,17,high_school,R,30.0,33.0,70.2772,66.5,86.8,000071,000185
185_2,186.0,70.0,17,high_school,R,30.0,33.0,66.4849,69.3,90.5,000071,000185
185_3,186.0,70.0,17,high_school,R,30.0,33.0,69.4874,67.6,91.8,000071,000185
185_4,186.0,70.0,17,high_school,R,30.0,33.0,66.8749,68.5,90.2,000071,000185
185_5,186.0,70.0,17,high_school,R,30.0,33.0,68.1975,68.2,96.6,000071,000185
185_6,186.0,70.0,17,high_school,R,30.0,33.0,70.1479,68.6,95.7,000071,000185
190_1,223.0,70.0,18,college,R,30.0,33.0,59.2348,61.1,81.2,000076,000190
190_2,223.0,70.0,18,college,R,30.0,33.0,63.0737,64.4,76.4,000076,000190
190_3,223.0,70.0,18,college,R,30.0,33.0,64.455,,94.8,000076,000190
190_4,223.0,70.0,18,college,R,30.0,33.0,62.2675,61.4,94.2,000076,000190
190_5,223.0,70.0,18,college,R,30.0,33.0,64.0124,66.4,79.3,000076,000190
190_6,223.0,70.0,18,college,R,30.0,33.0,62.2365,64.7,81.3,000076,000190
190_7,223.0,70.0,18,college,R,30.0,33.0,63.0385,65.1,87.7,000076,000190
190_8,223.0,70.0,18,college,R,30.0,33.0,61.1702,63.0,88.4,000076,000190
198_1,171.0,76.0,18,college,R,30.0,33.0,61.73,64.6,91.4,000082,000198
198_2,171.0,76.0,18,college,R,30.0,33.0,61.7618,63.5,87.0,000082,000198
198_3,171.0,76.0,18,college,R,30.0,33.0,62.5455,65.5,86.4,000082,000198
198_4,171.0,76.0,18,college,R,30.0,33.0,62.032,63.2,79.0,000082,000198
198_5,171.0,76.0,18,college,R,30.0,33.0,63.7734,65.0,82.0,000082,000198
198_6,171.0,76.0,18,college,R,30.0,33.0,63.1897,68.6,79.5,000082,000198
198_7,171.0,76.0,18,college,R,30.0,33.0,63.4766,65.0,87.5,000082,000198
199_1,200.0,73.0,18,college,R,31.0,34.0,67.8799,65.7,82.3,000083,000199
199_2,200.0,73.0,18,college,R,31.0,34.0,69.0059,69.8,89.9,000083,000199
199_3,200.0,73.0,18,college,R,31.0,34.0,71.2742,72.2,82.7,000083,000199
199_4,200.0,73.0,18,college,R,31.0,34.0,68.7899,69.1,87.8,000083,000199
199_5,200.0,73.0,18,college,R,31.0,34.0,66.1653,69.5,84.8,000083,000199
199_6,200.0,73.0,18,college,R,31.0,34.0,70.7418,71.7,93.4,000083,000199
199_7,200.0,73.0,18,college,R,31.0,34.0,69.2292,72.3,83.9,000083,000199
199_8,200.0,73.0,18,college,R,31.0,34.0,68.7635,69.5,96.7,000083,000199
200_1,186.0,71.0,22,college,L,30.0,33.0,70.2625,75.4,98.5,000085,000200
200_2,186.0,71.0,22,college,L,30.0,33.0,69.0081,74.2,92.2,000085,000200
200_3,186.0,71.0,22,college,L,30.0,33.0,70.2241,76.9,93.1,000085,000200
200_4,186.0,71.0,22,college,L,30.0,33.0,71.7851,73.3,93.0,000085,000200
200_5,186.0,71.0,22,college,L,30.0,33.0,71.5187,76.3,92.2,000085,000200
200_6,186.0,71.0,22,college,L,30.0,33.0,72.2684,78.1,94.7,000085,000200
200_7,186.0,71.0,22,college,L,30.0,33.0,71.183,78.6,95.8,000085,000200
200_8,186.0,71.0,22,college,L,30.0,33.0,72.2114,68.1,92.1,000085,000200
201_1,208.0,71.0,22,college,R,31.0,34.0,67.469,71.8,95.5,000086,000201
201_2,208.0,71.0,22,college,R,31.0,34.0,66.118,,91.1,000086,000201
201_3,208.0,71.0,22,college,R,31.0,34.0,67.0141,,94.0,000086,000201
201_5,208.0,71.0,22,college,R,31.0,34.0,68.0758,73.4,91.3,000086,000201
201_6,208.0,71.0,22,college,R,31.0,34.0,65.4739,65.7,93.6,000086,000201
201_7,208.0,71.0,22,college,R,31.0,34.0,64.6777,63.7,89.4,000086,000201
201_8,208.0,71.0,22,college,R,31.0,34.0,67.3944,68.1,94.9,000086,000201
203_1,186.0,72.0,19,college,L,30.0,33.0,60.7909,54.9,78.4,000087,000203
203_2,186.0,72.0,19,college,L,30.0,33.0,59.3141,55.0,82.7,000087,000203
203_3,186.0,72.0,19,college,L,30.0,33.0,63.4148,60.1,76.0,000087,000203
203_4,186.0,72.0,19,college,L,30.0,33.0,64.9769,56.9,74.0,000087,000203
204_1,207.0,77.0,20,college,R,31.0,34.0,69.4163,,92.5,000088,000204
204_2,207.0,77.0,20,college,R,31.0,34.0,73.7843,,90.2,000088,000204
204_3,207.0,77.0,20,college,R,31.0,34.0,73.9074,,90.7,000088,000204
204_4,207.0,77.0,20,college,R,31.0,34.0,71.9188,86.2,91.8,000088,000204
204_5,207.0,77.0,20,college,R,31.0,34.0,74.1085,80.4,96.1,000088,000204
204_6,207.0,77.0,20,college,R,31.0,34.0,71.5742,77.4,100.2,000088,000204
204_7,207.0,77.0,20,college,R,31.0,34.0,71.3286,79.0,93.3,000088,000204
204_8,207.0,77.0,20,college,R,31.0,34.0,75.561,76.9,99.5,000088,000204
215_1,158.0,72.0,18,college,L,30.0,33.0,58.2627,59.5,83.4,000096,000215
215_2,158.0,72.0,18,college,L,30.0,33.0,59.0244,57.2,78.5,000096,000215
215_4,158.0,72.0,18,college,L,30.0,33.0,57.4422,56.9,73.8,000096,000215
215_5,158.0,72.0,18,college,L,30.0,33.0,58.2955,56.7,81.0,000096,000215
219_1,187.0,72.0,21,college,L,31.0,34.0,65.819,58.5,89.7,000099,000219
219_2,187.0,72.0,21,college,L,31.0,34.0,67.9863,67.1,94.7,000099,000219
219_3,187.0,72.0,21,college,L,31.0,34.0,69.2239,71.8,91.6,000099,000219
219_4,187.0,72.0,21,college,L,31.0,34.0,67.6366,66.2,90.6,000099,000219
219_5,187.0,72.0,21,college,L,31.0,34.0,67.1348,65.0,84.7,000099,000219
219_6,187.0,72.0,21,college,L,31.0,34.0,70.2676,73.0,96.0,000099,000219
219_7,187.0,72.0,21,college,L,31.0,34.0,68.5911,73.0,91.0,000099,000219
219_8,187.0,72.0,21,college,L,31.0,34.0,71.1902,70.2,95.3,000099,000219
236_1,175.0,67.0,21,milb,L,30.0,33.0,65.0907,63.8,87.3,000113,000236
236_2,175.0,67.0,21,milb,L,30.0,33.0,64.2192,63.7,92.7,000113,000236
236_3,175.0,67.0,21,milb,L,30.0,33.0,66.3842,66.8,95.6,000113,000236
236_4,175.0,67.0,21,milb,L,30.0,33.0,69.1479,71.2,82.4,000113,000236
244_1,174.0,70.0,22,independent,R,30.0,33.0,69.4503,71.9,95.3,000120,000244
244_2,174.0,70.0,22,independent,R,30.0,33.0,68.3034,70.6,88.9,000120,000244
244_3,174.0,70.0,22,independent,R,30.0,33.0,68.9395,71.2,88.1,000120,000244
244_4,174.0,70.0,22,independent,R,30.0,33.0,67.5877,69.1,93.8,000120,000244
244_5,174.0,70.0,22,independent,R,30.0,33.0,68.185,,90.2,000120,000244
244_6,174.0,70.0,22,independent,R,30.0,33.0,69.4354,73.9,93.6,000120,000244
244_7,174.0,70.0,22,independent,R,30.0,33.0,71.2672,70.8,99.7,000120,000244
244_8,174.0,70.0,22,independent,R,30.0,33.0,71.1497,69.8,89.1,000120,000244
254_1,186.0,75.0,18,high_school,R,30.0,33.0,63.0482,72.6,94.0,000073,000254
254_2,186.0,75.0,18,high_school,R,30.0,33.0,72.0304,77.0,92.1,000073,000254
254_3,186.0,75.0,18,high_school,R,30.0,33.0,71.1146,71.8,90.5,000073,000254
254_4,186.0,75.0,18,high_school,R,30.0,33.0,70.0133,74.1,83.6,000073,000254
254_5,186.0,75.0,18,high_school,R,30.0,33.0,65.8226,68.7,86.7,000073,000254
254_6,186.0,75.0,18,high_school,R,30.0,33.0,69.531,73.5,94.0,000073,000254
254_7,186.0,75.0,18,high_school,R,30.0,33.0,70.5254,75.8,86.8,000073,000254
254_8,186.0,75.0,18,high_school,R,30.0,33.0,60.9325,64.9,86.1,000073,000254
258_1,215.0,70.0,19,high_school,R,30.0,33.0,65.8105,68.0,95.5,000127,000258
258_2,215.0,70.0,19,high_school,R,30.0,33.0,63.6572,64.0,87.7,000127,000258
258_3,215.0,70.0,19,high_school,R,30.0,33.0,64.3623,64.5,80.9,000127,000258
258_4,215.0,70.0,19,high_school,R,30.0,33.0,66.6887,68.0,97.2,000127,000258
258_5,215.0,70.0,19,high_school,R,30.0,33.0,70.0775,47.0,81.9,000127,000258
258_6,215.0,70.0,19,high_school,R,30.0,33.0,66.7058,66.5,95.2,000127,000258
258_7,215.0,70.0,19,high_school,R,30.0,33.0,66.2657,67.8,94.5,000127,000258
258_8,215.0,70.0,19,high_school,R,30.0,33.0,66.5719,68.4,92.5,000127,000258
263_1,181.0,71.0,20,college,L,30.0,33.0,71.008,71.0,90.0,000053,000263
263_2,181.0,71.0,20,college,L,30.0,33.0,69.5549,70.6,88.2,000053,000263
263_3,181.0,71.0,20,college,L,30.0,33.0,70.4577,68.5,90.0,000053,000263
263_4,181.0,71.0,20,college,L,30.0,33.0,67.9294,66.2,91.0,000053,000263
263_5,181.0,71.0,20,college,L,30.0,33.0,66.7524,66.2,89.3,000053,000263
263_6,181.0,71.0,20,college,L,30.0,33.0,69.4095,66.8,99.3,000053,000263
263_7,181.0,71.0,20,college,L,30.0,33.0,69.4094,63.0,89.3,000053,000263
263_8,181.0,71.0,20,college,L,30.0,33.0,70.5276,69.2,88.0,000053,000263
265_1,171.0,67.0,19,college,L,30.0,33.0,68.6022,67.1,92.9,000044,000265
265_2,171.0,67.0,19,college,L,30.0,33.0,66.2941,64.2,95.9,000044,000265
265_3,171.0,67.0,19,college,L,30.0,33.0,64.146,63.1,91.1,000044,000265
265_4,171.0,67.0,19,college,L,30.0,33.0,63.7059,63.6,93.7,000044,000265
265_5,171.0,67.0,19,college,L,30.0,33.0,67.0391,59.0,90.9,000044,000265
265_6,171.0,67.0,19,college,L,30.0,33.0,64.6115,59.0,89.6,000044,000265
265_7,171.0,67.0,19,college,L,30.0,33.0,66.0962,68.4,93.8,000044,000265
265_8,171.0,67.0,19,college,L,30.0,33.0,67.5594,57.3,93.4,000044,000265
268_1,176.0,69.0,20,college,R,30.0,33.0,62.4225,65.8,85.2,000078,000268
268_2,176.0,69.0,20,college,R,30.0,33.0,60.8795,61.8,85.8,000078,000268
268_3,176.0,69.0,20,college,R,30.0,33.0,60.8651,62.1,87.7,000078,000268
268_4,176.0,69.0,20,college,R,30.0,33.0,62.7927,64.3,85.3,000078,000268
268_5,176.0,69.0,20,college,R,30.0,33.0,61.6432,64.9,88.3,000078,000268
268_6,176.0,69.0,20,college,R,30.0,33.0,60.9943,62.3,89.1,000078,000268
268_7,176.0,69.0,20,college,R,30.0,33.0,59.9956,60.5,85.0,000078,000268
268_8,176.0,69.0,20,college,R,30.0,33.0,62.7465,65.1,88.4,000078,000268
273_1,186.0,73.0,20,college,L,31.0,34.0,61.0359,59.5,81.6,000130,000273
273_2,186.0,73.0,20,college,L,31.0,34.0,67.882,66.7,84.7,000130,000273
273_3,186.0,73.0,20,college,L,31.0,34.0,69.4471,67.8,85.5,000130,000273
273_4,186.0,73.0,20,college,L,31.0,34.0,69.1054,57.7,84.1,000130,000273
273_5,186.0,73.0,20,college,L,31.0,34.0,66.87,63.9,81.2,000130,000273
273_6,186.0,73.0,20,college,L,31.0,34.0,65.9019,60.8,88.6,000130,000273
279_1,260.0,72.0,21,college,R,31.0,34.0,67.8866,71.7,84.2,000136,000279
279_2,260.0,72.0,21,college,R,31.0,34.0,65.4844,73.0,63.9,000136,000279
279_3,260.0,72.0,21,college,R,31.0,34.0,70.998,70.1,77.9,000136,000279
279_4,260.0,72.0,21,college,R,31.0,34.0,68.0521,73.8,84.4,000136,000279
279_5,260.0,72.0,21,college,R,31.0,34.0,67.3883,73.8,78.8,000136,000279
279_6,260.0,72.0,21,college,R,31.0,34.0,65.8468,71.3,63.8,000136,000279
279_7,260.0,72.0,21,college,R,31.0,34.0,67.9647,65.0,95.2,000136,000279
279_8,260.0,72.0,21,college,R,31.0,34.0,71.1562,68.6,77.9,000136,000279
282_1,188.0,71.0,20,college,R,30.0,33.0,75.3244,75.6,101.2,000080,000282
282_2,188.0,71.0,20,college,R,30.0,33.0,73.3782,74.6,101.4,000080,000282
282_3,188.0,71.0,20,college,R,30.0,33.0,73.2292,74.8,102.1,000080,000282
282_4,188.0,71.0,20,college,R,30.0,33.0,78.3053,82.0,103.7,000080,000282
282_5,188.0,71.0,20,college,R,30.0,33.0,74.8864,78.2,107.0,000080,000282
282_6,188.0,71.0,20,college,R,30.0,33.0,76.3216,78.6,101.1,000080,000282
282_7,188.0,71.0,20,college,R,30.0,33.0,76.8066,77.2,104.0,000080,000282
282_8,188.0,71.0,20,college,R,30.0,33.0,76.9099,76.7,103.7,000080,000282
283_1,180.0,67.0,22,college,R,30.0,33.0,64.3319,69.8,87.1,000031,000283
283_2,180.0,67.0,22,college,R,30.0,33.0,65.7614,63.1,85.7,000031,000283
283_3,180.0,67.0,22,college,R,30.0,33.0,64.9553,66.3,92.5,000031,000283
283_4,180.0,67.0,22,college,R,30.0,33.0,65.3407,76.3,86.4,000031,000283
283_5,180.0,67.0,22,college,R,30.0,33.0,65.1983,70.9,88.9,000031,000283
283_6,180.0,67.0,22,college,R,30.0,33.0,64.3139,60.2,87.1,000031,000283
283_7,180.0,67.0,22,college,R,30.0,33.0,64.6399,61.1,87.9,000031,000283
287_1,169.0,70.0,20,college,R,30.0,33.0,65.2429,67.0,73.1,000186,000287
287_2,169.0,70.0,20,college,R,30.0,33.0,68.2761,68.9,98.2,000186,000287
287_3,169.0,70.0,20,college,R,30.0,33.0,65.6445,68.1,89.1,000186,000287
287_4,169.0,70.0,20,college,R,30.0,33.0,67.0856,67.8,86.2,000186,000287
287_5,169.0,70.0,20,college,R,30.0,33.0,64.9683,71.0,87.7,000186,000287
287_6,169.0,70.0,20,college,R,30.0,33.0,64.4248,70.7,74.8,000186,000287
287_7,169.0,70.0,20,college,R,30.0,33.0,64.6354,66.0,76.5,000186,000287
287_8,169.0,70.0,20,college,R,30.0,33.0,68.2059,70.6,86.1,000186,000287
291_1,201.0,75.0,19,college,R,30.0,33.0,71.2523,69.4,98.8,000189,000291
291_2,201.0,75.0,19,college,R,30.0,33.0,69.3029,67.8,96.4,000189,000291
291_3,201.0,75.0,19,college,R,30.0,33.0,72.6393,70.3,101.7,000189,000291
291_4,201.0,75.0,19,college,R,30.0,33.0,73.1764,67.9,103.2,000189,000291
291_5,201.0,75.0,19,college,R,30.0,33.0,73.009,72.6,99.5,000189,000291
291_6,201.0,75.0,19,college,R,30.0,33.0,74.368,67.8,101.0,000189,000291
291_7,201.0,75.0,19,college,R,30.0,33.0,73.3348,83.5,104.2,000189,000291
291_8,201.0,75.0,19,college,R,30.0,33.0,73.6571,70.9,101.5,000189,000291
297_1,178.0,68.0,22,college,R,30.0,33.0,66.3198,67.6,93.4,000026,000297
297_2,178.0,68.0,22,college,R,30.0,33.0,67.2268,66.8,92.1,000026,000297
297_3,178.0,68.0,22,college,R,30.0,33.0,67.9453,67.9,94.0,000026,000297
297_4,178.0,68.0,22,college,R,30.0,33.0,68.8881,,96.9,000026,000297
297_5,178.0,68.0,22,college,R,30.0,33.0,68.056,67.3,94.2,000026,000297
297_6,178.0,68.0,22,college,R,30.0,33.0,71.326,70.5,97.9,000026,000297
297_7,178.0,68.0,22,college,R,30.0,33.0,70.7294,69.2,94.1,000026,000297
297_8,178.0,68.0,22,college,R,30.0,33.0,67.6003,70.1,92.6,000026,000297
300_1,214.0,76.0,18,high_school,R,30.0,33.0,65.4692,,87.9,000079,000300
300_2,214.0,76.0,18,high_school,R,30.0,33.0,64.1789,70.7,91.4,000079,000300
300_3,214.0,76.0,18,high_school,R,30.0,33.0,66.3052,69.0,93.8,000079,000300
300_4,214.0,76.0,18,high_school,R,30.0,33.0,65.5387,65.8,90.6,000079,000300
300_5,214.0,76.0,18,high_school,R,30.0,33.0,65.8671,67.0,95.7,000079,000300
300_6,214.0,76.0,18,high_school,R,30.0,33.0,65.7367,69.0,91.1,000079,000300
300_7,214.0,76.0,18,high_school,R,30.0,33.0,64.9347,68.7,88.9,000079,000300
300_8,214.0,76.0,18,high_school,R,30.0,33.0,67.2568,,89.7,000079,000300
302_1,174.0,68.0,21,college,R,30.0,33.0,67.455,60.4,92.4,000030,000302
302_2,174.0,68.0,21,college,R,30.0,33.0,65.4465,,86.8,000030,000302
302_3,174.0,68.0,21,college,R,30.0,33.0,71.6328,59.7,96.0,000030,000302
302_4,174.0,68.0,21,college,R,30.0,33.0,69.909,62.8,99.8,000030,000302
302_5,174.0,68.0,21,college,R,30.0,33.0,66.6791,64.8,84.5,000030,000302
302_6,174.0,68.0,21,college,R,30.0,33.0,66.8646,65.6,87.9,000030,000302
302_7,174.0,68.0,21,college,R,30.0,33.0,69.6708,63.1,95.3,000030,000302
302_8,174.0,68.0,21,college,R,30.0,33.0,72.8338,62.8,78.2,000030,000302
313_1,174.0,70.0,19,college,L,30.0,33.0,62.9895,63.7,90.2,000090,000313
313_2,174.0,70.0,19,college,L,30.0,33.0,62.376,64.8,88.3,000090,000313
313_3,174.0,70.0,19,college,L,30.0,33.0,61.5672,64.8,82.7,000090,000313
313_4,174.0,70.0,19,college,L,30.0,33.0,61.2747,64.5,88.9,000090,000313
313_5,174.0,70.0,19,college,L,30.0,33.0,60.6733,61.9,88.0,000090,000313
313_6,174.0,70.0,19,college,L,30.0,33.0,63.6572,63.3,89.1,000090,000313
313_7,174.0,70.0,19,college,L,30.0,33.0,63.2584,64.8,81.5,000090,000313
313_8,174.0,70.0,19,college,L,30.0,33.0,61.7985,66.3,86.2,000090,000313
320_1,182.0,71.0,19,college,R,30.0,33.0,60.9538,,86.5,000194,000320
320_2,182.0,71.0,19,college,R,30.0,33.0,61.4977,,88.2,000194,000320
320_3,182.0,71.0,19,college,R,30.0,33.0,62.7544,,92.6,000194,000320
320_4,182.0,71.0,19,college,R,30.0,33.0,59.7639,,88.8,000194,000320
320_5,182.0,71.0,19,college,R,30.0,33.0,63.0789,,86.9,000194,000320
320_6,182.0,71.0,19,college,R,30.0,33.0,56.9434,72.0,85.4,000194,000320
320_7,182.0,71.0,19,college,R,30.0,33.0,65.1588,69.5,87.5,000194,000320
320_8,182.0,71.0,19,college,R,30.0,33.0,61.489,65.5,85.2,000194,000320
321_1,172.0,67.0,18,high_school,R,30.0,33.0,61.04,63.0,85.9,000126,000321
321_2,172.0,67.0,18,high_school,R,30.0,33.0,65.0598,67.1,87.6,000126,000321
321_3,172.0,67.0,18,high_school,R,30.0,33.0,60.5188,64.3,83.8,000126,000321
321_4,172.0,67.0,18,high_school,R,30.0,33.0,58.2632,61.6,83.0,000126,000321
321_5,172.0,67.0,18,high_school,R,30.0,33.0,61.6575,64.2,86.8,000126,000321
321_6,172.0,67.0,18,high_school,R,30.0,33.0,65.0164,63.5,89.6,000126,000321
321_7,172.0,67.0,18,high_school,R,30.0,33.0,61.7234,67.0,85.5,000126,000321
321_8,172.0,67.0,18,high_school,R,30.0,33.0,63.8134,67.0,85.3,000126,000321
324_1,179.0,72.0,18,college,L,30.0,33.0,67.1736,65.2,94.1,000195,000324
324_2,179.0,72.0,18,college,L,30.0,33.0,65.2487,61.3,91.4,000195,000324
324_3,179.0,72.0,18,college,L,30.0,33.0,68.518,69.1,90.4,000195,000324
324_4,179.0,72.0,18,college,L,30.0,33.0,66.5624,61.7,93.2,000195,000324
324_5,179.0,72.0,18,college,L,30.0,33.0,67.8851,63.5,92.1,000195,000324
324_6,179.0,72.0,18,college,L,30.0,33.0,67.9485,63.7,97.7,000195,000324
324_7,179.0,72.0,18,college,L,30.0,33.0,70.4392,,95.0,000195,000324
324_8,179.0,72.0,18,college,L,30.0,33.0,68.9921,67.2,91.1,000195,000324
342_1,211.0,73.0,20,college,L,30.0,33.0,71.4068,79.8,95.9,000200,000342
342_2,211.0,73.0,20,college,L,30.0,33.0,71.9894,76.8,96.3,000200,000342
342_3,211.0,73.0,20,college,L,30.0,33.0,72.3962,82.1,96.6,000200,000342
342_4,211.0,73.0,20,college,L,30.0,33.0,73.4176,,96.6,000200,000342
342_5,211.0,73.0,20,college,L,30.0,33.0,68.7366,75.6,87.7,000200,000342
342_6,211.0,73.0,20,college,L,30.0,33.0,73.9529,83.3,96.2,000200,000342
342_7,211.0,73.0,20,college,L,30.0,33.0,69.6332,73.2,90.5,000200,000342
342_8,211.0,73.0,20,college,L,30.0,33.0,71.4152,82.4,100.6,000200,000342
343_1,205.0,71.0,19,college,R,30.0,33.0,67.0852,65.2,90.0,000201,000343
343_2,205.0,71.0,19,college,R,30.0,33.0,69.2771,56.7,92.8,000201,000343
343_3,205.0,71.0,19,college,R,30.0,33.0,65.1579,61.3,86.1,000201,000343
343_4,205.0,71.0,19,college,R,30.0,33.0,68.2875,63.0,82.5,000201,000343
343_5,205.0,71.0,19,college,R,30.0,33.0,65.3756,72.3,82.5,000201,000343
343_6,205.0,71.0,19,college,R,30.0,33.0,68.9904,82.4,92.7,000201,000343
343_7,205.0,71.0,19,college,R,30.0,33.0,68.5858,62.7,88.7,000201,000343
343_8,205.0,71.0,19,college,R,30.0,33.0,70.3519,62.7,90.8,000201,000343
343_9,205.0,71.0,19,college,R,30.0,33.0,69.9364,,92.6,000201,000343
349_1,202.0,74.0,19,high_school,R,31.0,34.0,67.0615,69.8,94.7,000121,000349
349_3,202.0,74.0,19,high_school,R,31.0,34.0,67.6381,70.0,94.0,000121,000349
349_4,202.0,74.0,19,high_school,R,31.0,34.0,68.7157,68.7,90.0,000121,000349
349_5,202.0,74.0,19,high_school,R,31.0,34.0,66.5966,72.1,93.4,000121,000349
349_6,202.0,74.0,19,high_school,R,31.0,34.0,67.4499,77.2,92.1,000121,000349
349_7,202.0,74.0,19,high_school,R,31.0,34.0,68.8657,76.2,93.3,000121,000349
349_8,202.0,74.0,19,high_school,R,31.0,34.0,68.7958,67.1,87.5,000121,000349
350_1,175.0,73.0,17,high_school,R,30.0,33.0,65.5628,65.9,87.2,000207,000350
350_2,175.0,73.0,17,high_school,R,30.0,33.0,62.6331,60.7,84.0,000207,000350
350_4,175.0,73.0,17,high_school,R,30.0,33.0,62.3156,63.0,83.4,000207,000350
350_5,175.0,73.0,17,high_school,R,30.0,33.0,60.6943,57.4,82.6,000207,000350
350_6,175.0,73.0,17,high_school,R,30.0,33.0,66.3954,65.6,80.5,000207,000350
350_7,175.0,73.0,17,high_school,R,30.0,33.0,64.4862,64.9,92.6,000207,000350
350_8,175.0,73.0,17,high_school,R,30.0,33.0,66.8345,55.4,88.1,000207,000350
353_1,174.0,70.0,20,college,L,30.0,33.0,63.4835,67.0,91.9,000098,000353
353_2,174.0,70.0,20,college,L,30.0,33.0,66.7865,61.6,87.5,000098,000353
353_3,174.0,70.0,20,college,L,30.0,33.0,65.9822,67.3,85.8,000098,000353
353_4,174.0,70.0,20,college,L,30.0,33.0,67.5187,65.1,89.7,000098,000353
353_5,174.0,70.0,20,college,L,30.0,33.0,67.7412,63.1,92.8,000098,000353
353_6,174.0,70.0,20,college,L,30.0,33.0,65.3232,60.1,87.5,000098,000353
353_7,174.0,70.0,20,college,L,30.0,33.0,63.6046,65.1,89.7,000098,000353
353_8,174.0,70.0,20,college,L,30.0,33.0,63.4409,66.1,87.2,000098,000353
358_1,207.0,68.0,18,college,L,30.0,33.0,72.7336,73.7,99.8,000058,000358
358_3,207.0,68.0,18,college,L,30.0,33.0,73.9305,74.5,95.5,000058,000358
358_5,207.0,68.0,18,college,L,30.0,33.0,73.2244,75.4,95.4,000058,000358
358_6,207.0,68.0,18,college,L,30.0,33.0,73.024,73.9,101.0,000058,000358
358_7,207.0,68.0,18,college,L,30.0,33.0,76.8577,76.4,100.6,000058,000358
358_8,207.0,68.0,18,college,L,30.0,33.0,75.3953,79.0,101.4,000058,000358
360_1,173.0,69.0,20,college,R,30.0,33.0,70.7704,70.8,94.4,000210,000360
360_2,173.0,69.0,20,college,R,30.0,33.0,70.3252,72.2,95.6,000210,000360
360_3,173.0,69.0,20,college,R,30.0,33.0,69.597,71.5,94.5,000210,000360
360_4,173.0,69.0,20,college,R,30.0,33.0,68.0364,68.1,91.8,000210,000360
360_5,173.0,69.0,20,college,R,30.0,33.0,70.175,67.3,94.1,000210,000360
360_6,173.0,69.0,20,college,R,30.0,33.0,69.0553,65.3,92.8,000210,000360
360_7,173.0,69.0,20,college,R,30.0,33.0,67.6399,69.0,98.4,000210,000360
360_8,173.0,69.0,20,college,R,30.0,33.0,67.3336,68.6,95.0,000210,000360
363_1,191.0,73.0,19,college,R,30.0,33.0,71.1714,75.0,100.6,000034,000363
363_2,191.0,73.0,19,college,R,30.0,33.0,71.3523,75.2,93.7,000034,000363
363_3,191.0,73.0,19,college,R,30.0,33.0,70.7232,76.6,100.9,000034,000363
363_4,191.0,73.0,19,college,R,30.0,33.0,70.4637,75.5,100.2,000034,000363
363_5,191.0,73.0,19,college,R,30.0,33.0,71.8841,75.9,95.3,000034,000363
363_6,191.0,73.0,19,college,R,30.0,33.0,72.6495,76.7,100.1,000034,000363
363_7,191.0,73.0,19,college,R,30.0,33.0,72.6779,75.9,97.7,000034,000363
363_8,191.0,73.0,19,college,R,30.0,33.0,70.9444,76.2,95.5,000034,000363
376_1,186.0,68.0,19,college,R,31.0,34.0,67.5581,66.8,97.8,000215,000376
376_2,186.0,68.0,19,college,R,31.0,34.0,66.1049,68.4,94.9,000215,000376
376_3,186.0,68.0,19,college,R,31.0,34.0,66.5969,65.2,88.3,000215,000376
376_4,186.0,68.0,19,college,R,31.0,34.0,66.6973,67.3,92.3,000215,000376
376_6,186.0,68.0,19,college,R,31.0,34.0,64.9884,64.8,83.8,000215,000376
376_7,186.0,68.0,19,college,R,31.0,34.0,66.6412,65.5,90.2,000215,000376
376_8,186.0,68.0,19,college,R,31.0,34.0,66.5418,66.4,95.6,000215,000376
378_1,193.0,70.0,19,college,R,31.0,34.0,68.2454,70.6,89.6,000057,000378
378_2,193.0,70.0,19,college,R,31.0,34.0,69.5744,69.2,88.4,000057,000378
378_3,193.0,70.0,19,college,R,31.0,34.0,71.2679,70.4,92.1,000057,000378
378_4,193.0,70.0,19,college,R,31.0,34.0,69.6103,70.0,88.6,000057,000378
378_5,193.0,70.0,19,college,R,31.0,34.0,70.8054,69.1,81.0,000057,000378
378_6,193.0,70.0,19,college,R,31.0,34.0,67.6051,70.1,86.3,000057,000378
378_7,193.0,70.0,19,college,R,31.0,34.0,71.8771,70.9,84.8,000057,000378
378_8,193.0,70.0,19,college,R,31.0,34.0,64.4698,67.2,81.0,000057,000378
383_1,198.0,72.0,20,college,L,31.0,34.0,70.5587,69.9,100.6,000094,000383
383_2,198.0,72.0,20,college,L,31.0,34.0,70.7986,64.6,94.7,000094,000383
383_3,198.0,72.0,20,college,L,31.0,34.0,73.3285,77.2,96.5,000094,000383
383_4,198.0,72.0,20,college,L,31.0,34.0,76.1298,78.6,101.1,000094,000383
383_5,198.0,72.0,20,college,L,31.0,34.0,76.1241,73.9,93.4,000094,000383
383_6,198.0,72.0,20,college,L,31.0,34.0,73.4352,72.4,94.9,000094,000383
383_7,198.0,72.0,20,college,L,31.0,34.0,76.5329,77.5,103.8,000094,000383
383_8,198.0,72.0,20,college,L,31.0,34.0,75.4439,75.4,101.6,000094,000383
391_1,183.0,73.0,17,high_school,R,31.0,34.0,69.9597,72.3,92.3,000103,000391
391_2,183.0,73.0,17,high_school,R,31.0,34.0,70.4064,73.2,92.7,000103,000391
391_3,183.0,73.0,17,high_school,R,31.0,34.0,71.5565,73.8,91.9,000103,000391
391_4,183.0,73.0,17,high_school,R,31.0,34.0,72.4412,74.6,89.1,000103,000391
391_5,183.0,73.0,17,high_school,R,31.0,34.0,71.8184,72.0,90.2,000103,000391
391_6,183.0,73.0,17,high_school,R,31.0,34.0,71.1969,,86.2,000103,000391
391_7,183.0,73.0,17,high_school,R,31.0,34.0,73.6326,71.5,97.7,000103,000391
391_8,183.0,73.0,17,high_school,R,31.0,34.0,73.7789,72.2,93.3,000103,000391
396_1,185.0,70.0,19,college,R,30.0,33.0,68.2315,71.3,91.3,000074,000396
396_2,185.0,70.0,19,college,R,30.0,33.0,64.7284,66.5,91.2,000074,000396
396_3,185.0,70.0,19,college,R,30.0,33.0,67.4535,68.1,91.3,000074,000396
396_4,185.0,70.0,19,college,R,30.0,33.0,66.9606,69.2,87.9,000074,000396
396_5,185.0,70.0,19,college,R,30.0,33.0,64.3035,67.7,95.4,000074,000396
396_6,185.0,70.0,19,college,R,30.0,33.0,63.7517,64.4,91.8,000074,000396
396_7,185.0,70.0,19,college,R,30.0,33.0,65.9948,65.8,92.3,000074,000396
396_8,185.0,70.0,19,college,R,30.0,33.0,65.817,67.9,89.3,000074,000396
398_1,195.0,72.0,22,college,L,30.0,33.0,60.0138,62.5,55.4,000221,000398
398_2,195.0,72.0,22,college,L,30.0,33.0,57.3841,61.6,48.8,000221,000398
398_3,195.0,72.0,22,college,L,30.0,33.0,61.9023,65.8,71.3,000221,000398
398_4,195.0,72.0,22,college,L,30.0,33.0,58.1787,66.1,73.5,000221,000398
398_5,195.0,72.0,22,college,L,30.0,33.0,61.6967,65.5,68.1,000221,000398
398_6,195.0,72.0,22,college,L,30.0,33.0,60.753,65.7,63.8,000221,000398
398_7,195.0,72.0,22,college,L,30.0,33.0,58.4321,63.5,53.0,000221,000398
426_1,204.0,70.0,31,college,R,31.0,33.5,65.6076,66.9,93.3,000231,000426
426_2,204.0,70.0,31,college,R,31.0,33.5,70.3444,70.0,95.5,000231,000426
426_3,204.0,70.0,31,college,R,31.0,33.5,68.0588,69.5,98.6,000231,000426
426_4,204.0,70.0,31,college,R,31.0,33.5,70.0335,68.1,95.4,000231,000426
426_5,204.0,70.0,31,college,R,31.0,33.5,70.5659,70.4,96.5,000231,000426
426_6,204.0,70.0,31,college,R,31.0,33.5,70.2479,66.6,94.6,000231,000426
426_7,204.0,70.0,31,college,R,31.0,33.5,72.3302,66.7,92.6,000231,000426
426_8,204.0,70.0,31,college,R,31.0,33.5,68.0511,68.8,96.5,000231,000426
440_1,189.0,67.0,24,college,L,30.0,33.0,66.4235,64.2,80.2,000238,000440
440_2,189.0,67.0,24,college,L,30.0,33.0,62.8641,64.9,75.8,000238,000440
440_3,189.0,67.0,24,college,L,30.0,33.0,66.3874,65.4,77.4,000238,000440
440_4,189.0,67.0,24,college,L,30.0,33.0,64.6849,64.3,87.5,000238,000440
440_5,189.0,67.0,24,college,L,30.0,33.0,66.4716,66.2,86.3,000238,000440
440_6,189.0,67.0,24,college,L,30.0,33.0,63.5116,63.9,74.3,000238,000440
440_7,189.0,67.0,24,college,L,30.0,33.0,66.8836,68.3,80.8,000238,000440
440_8,189.0,67.0,24,college,L,30.0,33.0,64.6783,60.6,81.8,000238,000440
447_1,184.0,71.0,19,milb,R,31.0,34.0,70.4389,74.8,97.2,000242,000447
447_2,184.0,71.0,19,milb,R,31.0,34.0,71.1425,73.5,90.8,000242,000447
447_3,184.0,71.0,19,milb,R,31.0,34.0,68.8615,75.0,91.7,000242,000447
447_4,184.0,71.0,19,milb,R,31.0,34.0,65.8131,71.7,92.2,000242,000447
447_5,184.0,71.0,19,milb,R,31.0,34.0,68.3259,73.6,92.6,000242,000447
447_6,184.0,71.0,19,milb,R,31.0,34.0,67.2476,73.6,91.0,000242,000447
447_7,184.0,71.0,19,milb,R,31.0,34.0,67.2688,70.8,93.2,000242,000447
447_8,184.0,71.0,19,milb,R,31.0,34.0,67.7816,73.6,94.1,000242,000447
448_1,185.0,72.0,23,milb,R,31.0,34.0,68.9866,68.8,87.7,000243,000448
448_2,185.0,72.0,23,milb,R,31.0,34.0,65.0502,65.6,85.2,000243,000448
448_3,185.0,72.0,23,milb,R,31.0,34.0,71.4135,71.3,88.0,000243,000448
448_4,185.0,72.0,23,milb,R,31.0,34.0,70.899,69.5,97.0,000243,000448
448_5,185.0,72.0,23,milb,R,31.0,34.0,71.0822,68.6,99.7,000243,000448
448_6,185.0,72.0,23,milb,R,31.0,34.0,71.2491,66.2,88.3,000243,000448
448_7,185.0,72.0,23,milb,R,31.0,34.0,72.1349,70.7,92.9,000243,000448
448_8,185.0,72.0,23,milb,R,31.0,34.0,69.4011,68.3,94.2,000243,000448
450_1,177.0,72.0,18,college,R,30.0,33.0,66.6926,62.2,94.1,000209,000450
450_2,177.0,72.0,18,college,R,30.0,33.0,67.7343,66.0,89.1,000209,000450
450_3,177.0,72.0,18,college,R,30.0,33.0,70.1481,71.0,95.5,000209,000450
450_4,177.0,72.0,18,college,R,30.0,33.0,65.6142,66.4,91.6,000209,000450
450_5,177.0,72.0,18,college,R,30.0,33.0,66.4277,65.7,93.0,000209,000450
450_6,177.0,72.0,18,college,R,30.0,33.0,66.4394,68.3,91.2,000209,000450
450_7,177.0,72.0,18,college,R,30.0,33.0,68.3105,67.6,93.5,000209,000450
450_8,177.0,72.0,18,college,R,30.0,33.0,68.5179,70.1,90.8,000209,000450
451_1,184.0,68.0,20,college,R,30.0,33.0,64.8666,66.1,82.6,000070,000451
451_2,184.0,68.0,20,college,R,30.0,33.0,63.0163,65.7,74.3,000070,000451
451_3,184.0,68.0,20,college,R,30.0,33.0,64.4715,63.1,91.1,000070,000451
451_4,184.0,68.0,20,college,R,30.0,33.0,65.4655,66.7,94.3,000070,000451
451_5,184.0,68.0,20,college,R,30.0,33.0,63.5291,65.6,87.7,000070,000451
451_6,184.0,68.0,20,college,R,30.0,33.0,69.0179,66.9,93.4,000070,000451
451_7,184.0,68.0,20,college,R,30.0,33.0,66.8019,65.4,93.9,000070,000451
451_8,184.0,68.0,20,college,R,30.0,33.0,65.2349,65.8,89.2,000070,000451
468_1,190.0,69.0,19,college,R,30.0,33.0,66.3653,66.2,93.2,000108,000468
468_2,190.0,69.0,19,college,R,30.0,33.0,64.962,66.3,92.3,000108,000468
468_3,190.0,69.0,19,college,R,30.0,33.0,64.8097,65.1,91.9,000108,000468
468_4,190.0,69.0,19,college,R,30.0,33.0,65.8408,66.8,89.6,000108,000468
468_5,190.0,69.0,19,college,R,30.0,33.0,65.9811,67.4,90.7,000108,000468
468_6,190.0,69.0,19,college,R,30.0,33.0,65.4069,64.8,89.1,000108,000468
468_7,190.0,69.0,19,college,R,30.0,33.0,65.2249,67.2,91.3,000108,000468
468_8,190.0,69.0,19,college,R,30.0,33.0,65.4033,68.0,95.5,000108,000468
474_1,191.0,72.0,21,college,R,30.0,33.0,67.1284,68.8,90.3,000050,000474
474_2,191.0,72.0,21,college,R,30.0,33.0,69.0834,70.9,90.7,000050,000474
474_3,191.0,72.0,21,college,R,30.0,33.0,68.4086,69.8,90.2,000050,000474
474_4,191.0,72.0,21,college,R,30.0,33.0,66.9757,73.2,89.9,000050,000474
474_5,191.0,72.0,21,college,R,30.0,33.0,68.1302,74.1,95.5,000050,000474
474_6,191.0,72.0,21,college,R,30.0,33.0,70.3693,67.4,95.3,000050,000474
474_7,191.0,72.0,21,college,R,30.0,33.0,67.3349,70.4,89.9,000050,000474
474_8,191.0,72.0,21,college,R,30.0,33.0,68.2962,70.5,90.4,000050,000474
478_1,214.0,69.0,24,milb,R,31.0,34.0,73.294,71.8,98.7,000137,000478
478_2,214.0,69.0,24,milb,R,31.0,34.0,71.5881,66.3,92.3,000137,000478
478_3,214.0,69.0,24,milb,R,31.0,34.0,72.8612,66.0,101.2,000137,000478
478_4,214.0,69.0,24,milb,R,31.0,34.0,71.5879,69.6,99.5,000137,000478
478_5,214.0,69.0,24,milb,R,31.0,34.0,72.5252,73.1,101.5,000137,000478
478_6,214.0,69.0,24,milb,R,31.0,34.0,74.4849,70.6,93.7,000137,000478
478_7,214.0,69.0,24,milb,R,31.0,34.0,69.9409,71.5,96.7,000137,000478
490_1,188.0,71.0,20,college,L,30.0,33.0,68.4666,68.5,90.4,000128,000490
490_2,188.0,71.0,20,college,L,30.0,33.0,68.2517,68.3,88.6,000128,000490
490_3,188.0,71.0,20,college,L,30.0,33.0,66.1493,70.3,89.4,000128,000490
490_4,188.0,71.0,20,college,L,30.0,33.0,68.1547,71.0,93.0,000128,000490
490_5,188.0,71.0,20,college,L,30.0,33.0,67.8997,69.6,90.6,000128,000490
490_6,188.0,71.0,20,college,L,30.0,33.0,68.0046,68.1,89.9,000128,000490
490_7,188.0,71.0,20,college,L,30.0,33.0,68.0372,70.1,94.2,000128,000490
490_8,188.0,71.0,20,college,L,30.0,33.0,67.8641,70.4,95.0,000128,000490
492_1,166.0,69.0,20,college,R,30.0,33.0,65.8519,67.5,84.8,000192,000492
492_2,166.0,69.0,20,college,R,30.0,33.0,66.0001,67.6,64.4,000192,000492
492_3,166.0,69.0,20,college,R,30.0,33.0,64.8018,70.4,91.2,000192,000492
492_4,166.0,69.0,20,college,R,30.0,33.0,67.2456,66.9,81.5,000192,000492
492_5,166.0,69.0,20,college,R,30.0,33.0,66.1275,68.9,81.7,000192,000492
492_6,166.0,69.0,20,college,R,30.0,33.0,64.2752,66.5,89.5,000192,000492
492_7,166.0,69.0,20,college,R,30.0,33.0,63.9486,63.6,81.4,000192,000492
492_8,166.0,69.0,20,college,R,30.0,33.0,64.6811,68.1,86.1,000192,000492
500_1,204.0,69.0,20,college,R,30.0,33.0,71.3644,72.9,95.5,000193,000500
500_2,204.0,69.0,20,college,R,30.0,33.0,73.7808,73.8,102.3,000193,000500
500_3,204.0,69.0,20,college,R,30.0,33.0,72.4185,72.0,101.1,000193,000500
500_4,204.0,69.0,20,college,R,30.0,33.0,70.3438,73.2,100.8,000193,000500
500_5,204.0,69.0,20,college,R,30.0,33.0,74.544,75.1,95.0,000193,000500
500_6,204.0,69.0,20,college,R,30.0,33.0,69.8728,71.5,94.5,000193,000500
500_7,204.0,69.0,20,college,R,30.0,33.0,71.3782,74.0,100.6,000193,000500
500_8,204.0,69.0,20,college,R,30.0,33.0,73.6975,73.1,87.9,000193,000500
504_1,187.0,67.0,21,college,L,30.0,33.0,68.4291,73.4,98.5,000049,000504
504_2,187.0,67.0,21,college,L,30.0,33.0,70.3446,71.6,95.7,000049,000504
504_3,187.0,67.0,21,college,L,30.0,33.0,69.718,74.6,95.0,000049,000504
504_4,187.0,67.0,21,college,L,30.0,33.0,72.8996,73.5,95.4,000049,000504
504_5,187.0,67.0,21,college,L,30.0,33.0,67.6853,73.2,95.0,000049,000504
504_6,187.0,67.0,21,college,L,30.0,33.0,68.1359,69.7,97.9,000049,000504
504_7,187.0,67.0,21,college,L,30.0,33.0,72.4951,72.9,101.4,000049,000504
504_8,187.0,67.0,21,college,L,30.0,33.0,69.8004,73.3,100.0,000049,000504
509_1,155.0,67.0,23,independent,R,30.0,33.0,68.1541,93.8,95.5,000222,000509
509_2,155.0,67.0,23,independent,R,30.0,33.0,68.1473,69.6,91.9,000222,000509
509_3,155.0,67.0,23,independent,R,30.0,33.0,71.4042,76.5,92.8,000222,000509
509_4,155.0,67.0,23,independent,R,30.0,33.0,71.9096,67.9,91.0,000222,000509
509_5,155.0,67.0,23,independent,R,30.0,33.0,69.0217,69.4,96.7,000222,000509
509_6,155.0,67.0,23,independent,R,30.0,33.0,71.9226,71.8,92.6,000222,000509
509_7,155.0,67.0,23,independent,R,30.0,33.0,70.3256,75.2,99.0,000222,000509
509_8,155.0,67.0,23,independent,R,30.0,33.0,67.9435,73.5,93.7,000222,000509
